test_pack,#iter,time,turn,pass,all_iter,all_time,clock_per_sec
1PC,0,1.967,1000,1000,1000000,-1915.27,1000
1PC,1,1.872,1000,1000,1000000,-1915.27,1000
1PC,2,1.869,1000,1000,1000000,-1915.27,1000
1PC,3,1.971,1000,1000,1000000,-1915.27,1000
1PC,4,1.859,1000,1000,1000000,-1915.27,1000
1PC,5,1.804,1000,1000,1000000,-1915.27,1000
1PC,6,1.811,1000,1000,1000000,-1915.27,1000
1PC,7,1.818,1000,1000,1000000,-1915.27,1000
1PC,8,1.822,1000,1000,1000000,-1915.27,1000
1PC,9,1.824,1000,1000,1000000,-1915.27,1000
1PC,10,1.811,1000,1000,1000000,-1915.27,1000
1PC,11,1.81,1000,1000,1000000,-1915.27,1000
1PC,12,1.81,1000,1000,1000000,-1915.27,1000
1PC,13,1.814,1000,1000,1000000,-1915.27,1000
1PC,14,1.811,1000,1000,1000000,-1915.27,1000
1PC,15,1.808,1000,1000,1000000,-1915.27,1000
1PC,16,1.823,1000,1000,1000000,-1915.27,1000
1PC,17,1.828,1000,1000,1000000,-1915.27,1000
1PC,18,1.813,1000,1000,1000000,-1915.27,1000
1PC,19,1.81,1000,1000,1000000,-1915.27,1000
1PC,20,1.81,1000,1000,1000000,-1915.27,1000
1PC,21,1.808,1000,1000,1000000,-1915.27,1000
1PC,22,1.813,1000,1000,1000000,-1915.27,1000
1PC,23,1.811,1000,1000,1000000,-1915.27,1000
1PC,24,1.81,1000,1000,1000000,-1915.27,1000
1PC,25,1.817,1000,1000,1000000,-1915.27,1000
1PC,26,1.811,1000,1000,1000000,-1915.27,1000
1PC,27,1.814,1000,1000,1000000,-1915.27,1000
1PC,28,1.802,1000,1000,1000000,-1915.27,1000
1PC,29,1.824,1000,1000,1000000,-1915.27,1000
1PC,30,1.823,1000,1000,1000000,-1915.27,1000
1PC,31,1.824,1000,1000,1000000,-1915.27,1000
1PC,32,1.821,1000,1000,1000000,-1915.27,1000
1PC,33,1.806,1000,1000,1000000,-1915.27,1000
1PC,34,1.814,1000,1000,1000000,-1915.27,1000
1PC,35,1.803,1000,1000,1000000,-1915.27,1000
1PC,36,1.822,1000,1000,1000000,-1915.27,1000
1PC,37,1.81,1000,1000,1000000,-1915.27,1000
1PC,38,1.813,1000,1000,1000000,-1915.27,1000
1PC,39,1.808,1000,1000,1000000,-1915.27,1000
1PC,40,1.818,1000,1000,1000000,-1915.27,1000
1PC,41,1.811,1000,1000,1000000,-1915.27,1000
1PC,42,1.816,1000,1000,1000000,-1915.27,1000
1PC,43,1.812,1000,1000,1000000,-1915.27,1000
1PC,44,1.812,1000,1000,1000000,-1915.27,1000
1PC,45,1.833,1000,1000,1000000,-1915.27,1000
1PC,46,1.816,1000,1000,1000000,-1915.27,1000
1PC,47,1.815,1000,1000,1000000,-1915.27,1000
1PC,48,1.814,1000,1000,1000000,-1915.27,1000
1PC,49,1.816,1000,1000,1000000,-1915.27,1000
1PC,50,1.832,1000,1000,1000000,-1915.27,1000
1PC,51,1.809,1000,1000,1000000,-1915.27,1000
1PC,52,1.815,1000,1000,1000000,-1915.27,1000
1PC,53,1.814,1000,1000,1000000,-1915.27,1000
1PC,54,1.811,1000,1000,1000000,-1915.27,1000
1PC,55,1.811,1000,1000,1000000,-1915.27,1000
1PC,56,1.851,1000,1000,1000000,-1915.27,1000
1PC,57,1.926,1000,1000,1000000,-1915.27,1000
1PC,58,1.905,1000,1000,1000000,-1915.27,1000
1PC,59,2.036,1000,1000,1000000,-1915.27,1000
1PC,60,1.902,1000,1000,1000000,-1915.27,1000
1PC,61,2.144,1000,1000,1000000,-1915.27,1000
1PC,62,2.257,1000,1000,1000000,-1915.27,1000
1PC,63,1.888,1000,1000,1000000,-1915.27,1000
1PC,64,1.839,1000,1000,1000000,-1915.27,1000
1PC,65,1.866,1000,1000,1000000,-1915.27,1000
1PC,66,1.833,1000,1000,1000000,-1915.27,1000
1PC,67,1.826,1000,1000,1000000,-1915.27,1000
1PC,68,1.827,1000,1000,1000000,-1915.27,1000
1PC,69,1.861,1000,1000,1000000,-1915.27,1000
1PC,70,1.868,1000,1000,1000000,-1915.27,1000
1PC,71,1.851,1000,1000,1000000,-1915.27,1000
1PC,72,1.97,1000,1000,1000000,-1915.27,1000
1PC,73,1.952,1000,1000,1000000,-1915.27,1000
1PC,74,1.863,1000,1000,1000000,-1915.27,1000
1PC,75,1.955,1000,1000,1000000,-1915.27,1000
1PC,76,1.88,1000,1000,1000000,-1915.27,1000
1PC,77,1.875,1000,1000,1000000,-1915.27,1000
1PC,78,1.897,1000,1000,1000000,-1915.27,1000
1PC,79,1.894,1000,1000,1000000,-1915.27,1000
1PC,80,1.975,1000,1000,1000000,-1915.27,1000
1PC,81,1.886,1000,1000,1000000,-1915.27,1000
1PC,82,1.961,1000,1000,1000000,-1915.27,1000
1PC,83,2.138,1000,1000,1000000,-1915.27,1000
1PC,84,2.083,1000,1000,1000000,-1915.27,1000
1PC,85,1.943,1000,1000,1000000,-1915.27,1000
1PC,86,1.902,1000,1000,1000000,-1915.27,1000
1PC,87,1.929,1000,1000,1000000,-1915.27,1000
1PC,88,1.894,1000,1000,1000000,-1915.27,1000
1PC,89,1.886,1000,1000,1000000,-1915.27,1000
1PC,90,1.899,1000,1000,1000000,-1915.27,1000
1PC,91,1.885,1000,1000,1000000,-1915.27,1000
1PC,92,1.914,1000,1000,1000000,-1915.27,1000
1PC,93,1.89,1000,1000,1000000,-1915.27,1000
1PC,94,1.889,1000,1000,1000000,-1915.27,1000
1PC,95,1.888,1000,1000,1000000,-1915.27,1000
1PC,96,1.892,1000,1000,1000000,-1915.27,1000
1PC,97,1.902,1000,1000,1000000,-1915.27,1000
1PC,98,1.934,1000,1000,1000000,-1915.27,1000
1PC,99,1.876,1000,1000,1000000,-1915.27,1000
1PC,100,2.003,1000,1000,1000000,-1915.27,1000
1PC,101,1.977,1000,1000,1000000,-1915.27,1000
1PC,102,1.913,1000,1000,1000000,-1915.27,1000
1PC,103,1.886,1000,1000,1000000,-1915.27,1000
1PC,104,1.892,1000,1000,1000000,-1915.27,1000
1PC,105,1.891,1000,1000,1000000,-1915.27,1000
1PC,106,1.884,1000,1000,1000000,-1915.27,1000
1PC,107,1.886,1000,1000,1000000,-1915.27,1000
1PC,108,1.891,1000,1000,1000000,-1915.27,1000
1PC,109,1.884,1000,1000,1000000,-1915.27,1000
1PC,110,1.884,1000,1000,1000000,-1915.27,1000
1PC,111,1.886,1000,1000,1000000,-1915.27,1000
1PC,112,1.895,1000,1000,1000000,-1915.27,1000
1PC,113,1.877,1000,1000,1000000,-1915.27,1000
1PC,114,1.883,1000,1000,1000000,-1915.27,1000
1PC,115,1.883,1000,1000,1000000,-1915.27,1000
1PC,116,1.891,1000,1000,1000000,-1915.27,1000
1PC,117,1.919,1000,1000,1000000,-1915.27,1000
1PC,118,1.874,1000,1000,1000000,-1915.27,1000
1PC,119,1.889,1000,1000,1000000,-1915.27,1000
1PC,120,1.884,1000,1000,1000000,-1915.27,1000
1PC,121,1.893,1000,1000,1000000,-1915.27,1000
1PC,122,1.876,1000,1000,1000000,-1915.27,1000
1PC,123,1.892,1000,1000,1000000,-1915.27,1000
1PC,124,1.882,1000,1000,1000000,-1915.27,1000
1PC,125,1.9,1000,1000,1000000,-1915.27,1000
1PC,126,1.896,1000,1000,1000000,-1915.27,1000
1PC,127,1.896,1000,1000,1000000,-1915.27,1000
1PC,128,1.881,1000,1000,1000000,-1915.27,1000
1PC,129,1.892,1000,1000,1000000,-1915.27,1000
1PC,130,1.901,1000,1000,1000000,-1915.27,1000
1PC,131,1.885,1000,1000,1000000,-1915.27,1000
1PC,132,1.881,1000,1000,1000000,-1915.27,1000
1PC,133,1.909,1000,1000,1000000,-1915.27,1000
1PC,134,1.876,1000,1000,1000000,-1915.27,1000
1PC,135,1.88,1000,1000,1000000,-1915.27,1000
1PC,136,1.889,1000,1000,1000000,-1915.27,1000
1PC,137,1.885,1000,1000,1000000,-1915.27,1000
1PC,138,1.886,1000,1000,1000000,-1915.27,1000
1PC,139,1.888,1000,1000,1000000,-1915.27,1000
1PC,140,1.982,1000,1000,1000000,-1915.27,1000
1PC,141,2.044,1000,1000,1000000,-1915.27,1000
1PC,142,1.913,1000,1000,1000000,-1915.27,1000
1PC,143,1.948,1000,1000,1000000,-1915.27,1000
1PC,144,1.932,1000,1000,1000000,-1915.27,1000
1PC,145,1.887,1000,1000,1000000,-1915.27,1000
1PC,146,2.04,1000,1000,1000000,-1915.27,1000
1PC,147,2.004,1000,1000,1000000,-1915.27,1000
1PC,148,1.975,1000,1000,1000000,-1915.27,1000
1PC,149,1.905,1000,1000,1000000,-1915.27,1000
1PC,150,1.899,1000,1000,1000000,-1915.27,1000
1PC,151,1.947,1000,1000,1000000,-1915.27,1000
1PC,152,1.917,1000,1000,1000000,-1915.27,1000
1PC,153,1.891,1000,1000,1000000,-1915.27,1000
1PC,154,1.884,1000,1000,1000000,-1915.27,1000
1PC,155,1.891,1000,1000,1000000,-1915.27,1000
1PC,156,1.997,1000,1000,1000000,-1915.27,1000
1PC,157,2.61,1000,1000,1000000,-1915.27,1000
1PC,158,2.293,1000,1000,1000000,-1915.27,1000
1PC,159,2.436,1000,1000,1000000,-1915.27,1000
1PC,160,2.075,1000,1000,1000000,-1915.27,1000
1PC,161,2.056,1000,1000,1000000,-1915.27,1000
1PC,162,1.958,1000,1000,1000000,-1915.27,1000
1PC,163,1.884,1000,1000,1000000,-1915.27,1000
1PC,164,1.886,1000,1000,1000000,-1915.27,1000
1PC,165,1.862,1000,1000,1000000,-1915.27,1000
1PC,166,1.886,1000,1000,1000000,-1915.27,1000
1PC,167,1.894,1000,1000,1000000,-1915.27,1000
1PC,168,1.878,1000,1000,1000000,-1915.27,1000
1PC,169,1.871,1000,1000,1000000,-1915.27,1000
1PC,170,1.887,1000,1000,1000000,-1915.27,1000
1PC,171,1.88,1000,1000,1000000,-1915.27,1000
1PC,172,1.895,1000,1000,1000000,-1915.27,1000
1PC,173,1.884,1000,1000,1000000,-1915.27,1000
1PC,174,1.893,1000,1000,1000000,-1915.27,1000
1PC,175,1.877,1000,1000,1000000,-1915.27,1000
1PC,176,1.888,1000,1000,1000000,-1915.27,1000
1PC,177,1.887,1000,1000,1000000,-1915.27,1000
1PC,178,1.883,1000,1000,1000000,-1915.27,1000
1PC,179,1.878,1000,1000,1000000,-1915.27,1000
1PC,180,1.89,1000,1000,1000000,-1915.27,1000
1PC,181,1.872,1000,1000,1000000,-1915.27,1000
1PC,182,1.871,1000,1000,1000000,-1915.27,1000
1PC,183,1.983,1000,1000,1000000,-1915.27,1000
1PC,184,1.971,1000,1000,1000000,-1915.27,1000
1PC,185,1.926,1000,1000,1000000,-1915.27,1000
1PC,186,1.955,1000,1000,1000000,-1915.27,1000
1PC,187,1.953,1000,1000,1000000,-1915.27,1000
1PC,188,1.917,1000,1000,1000000,-1915.27,1000
1PC,189,1.917,1000,1000,1000000,-1915.27,1000
1PC,190,1.917,1000,1000,1000000,-1915.27,1000
1PC,191,1.917,1000,1000,1000000,-1915.27,1000
1PC,192,1.931,1000,1000,1000000,-1915.27,1000
1PC,193,1.951,1000,1000,1000000,-1915.27,1000
1PC,194,1.922,1000,1000,1000000,-1915.27,1000
1PC,195,1.923,1000,1000,1000000,-1915.27,1000
1PC,196,1.92,1000,1000,1000000,-1915.27,1000
1PC,197,1.925,1000,1000,1000000,-1915.27,1000
1PC,198,1.907,1000,1000,1000000,-1915.27,1000
1PC,199,1.919,1000,1000,1000000,-1915.27,1000
1PC,200,1.918,1000,1000,1000000,-1915.27,1000
1PC,201,1.923,1000,1000,1000000,-1915.27,1000
1PC,202,1.926,1000,1000,1000000,-1915.27,1000
1PC,203,1.925,1000,1000,1000000,-1915.27,1000
1PC,204,1.942,1000,1000,1000000,-1915.27,1000
1PC,205,1.915,1000,1000,1000000,-1915.27,1000
1PC,206,1.909,1000,1000,1000000,-1915.27,1000
1PC,207,1.96,1000,1000,1000000,-1915.27,1000
1PC,208,2.001,1000,1000,1000000,-1915.27,1000
1PC,209,1.917,1000,1000,1000000,-1915.27,1000
1PC,210,1.91,1000,1000,1000000,-1915.27,1000
1PC,211,1.917,1000,1000,1000000,-1915.27,1000
1PC,212,1.909,1000,1000,1000000,-1915.27,1000
1PC,213,1.914,1000,1000,1000000,-1915.27,1000
1PC,214,1.925,1000,1000,1000000,-1915.27,1000
1PC,215,1.949,1000,1000,1000000,-1915.27,1000
1PC,216,1.93,1000,1000,1000000,-1915.27,1000
1PC,217,1.918,1000,1000,1000000,-1915.27,1000
1PC,218,1.937,1000,1000,1000000,-1915.27,1000
1PC,219,1.92,1000,1000,1000000,-1915.27,1000
1PC,220,1.928,1000,1000,1000000,-1915.27,1000
1PC,221,1.926,1000,1000,1000000,-1915.27,1000
1PC,222,1.947,1000,1000,1000000,-1915.27,1000
1PC,223,1.963,1000,1000,1000000,-1915.27,1000
1PC,224,1.938,1000,1000,1000000,-1915.27,1000
1PC,225,1.906,1000,1000,1000000,-1915.27,1000
1PC,226,1.925,1000,1000,1000000,-1915.27,1000
1PC,227,1.957,1000,1000,1000000,-1915.27,1000
1PC,228,1.986,1000,1000,1000000,-1915.27,1000
1PC,229,2.028,1000,1000,1000000,-1915.27,1000
1PC,230,1.929,1000,1000,1000000,-1915.27,1000
1PC,231,1.934,1000,1000,1000000,-1915.27,1000
1PC,232,1.926,1000,1000,1000000,-1915.27,1000
1PC,233,1.92,1000,1000,1000000,-1915.27,1000
1PC,234,1.944,1000,1000,1000000,-1915.27,1000
1PC,235,1.93,1000,1000,1000000,-1915.27,1000
1PC,236,1.929,1000,1000,1000000,-1915.27,1000
1PC,237,1.942,1000,1000,1000000,-1915.27,1000
1PC,238,1.924,1000,1000,1000000,-1915.27,1000
1PC,239,1.927,1000,1000,1000000,-1915.27,1000
1PC,240,1.937,1000,1000,1000000,-1915.27,1000
1PC,241,1.938,1000,1000,1000000,-1915.27,1000
1PC,242,1.937,1000,1000,1000000,-1915.27,1000
1PC,243,1.942,1000,1000,1000000,-1915.27,1000
1PC,244,1.926,1000,1000,1000000,-1915.27,1000
1PC,245,1.931,1000,1000,1000000,-1915.27,1000
1PC,246,1.94,1000,1000,1000000,-1915.27,1000
1PC,247,1.922,1000,1000,1000000,-1915.27,1000
1PC,248,1.933,1000,1000,1000000,-1915.27,1000
1PC,249,1.973,1000,1000,1000000,-1915.27,1000
1PC,250,1.942,1000,1000,1000000,-1915.27,1000
1PC,251,1.941,1000,1000,1000000,-1915.27,1000
1PC,252,1.943,1000,1000,1000000,-1915.27,1000
1PC,253,1.941,1000,1000,1000000,-1915.27,1000
1PC,254,1.937,1000,1000,1000000,-1915.27,1000
1PC,255,1.932,1000,1000,1000000,-1915.27,1000
1PC,256,1.926,1000,1000,1000000,-1915.27,1000
1PC,257,2.131,1000,1000,1000000,-1915.27,1000
1PC,258,2.484,1000,1000,1000000,-1915.27,1000
1PC,259,2.201,1000,1000,1000000,-1915.27,1000
1PC,260,2.165,1000,1000,1000000,-1915.27,1000
1PC,261,2.034,1000,1000,1000000,-1915.27,1000
1PC,262,2.143,1000,1000,1000000,-1915.27,1000
1PC,263,2.117,1000,1000,1000000,-1915.27,1000
1PC,264,2.29,1000,1000,1000000,-1915.27,1000
1PC,265,2.006,1000,1000,1000000,-1915.27,1000
1PC,266,2.275,1000,1000,1000000,-1915.27,1000
1PC,267,2.108,1000,1000,1000000,-1915.27,1000
1PC,268,1.906,1000,1000,1000000,-1915.27,1000
1PC,269,1.933,1000,1000,1000000,-1915.27,1000
1PC,270,1.938,1000,1000,1000000,-1915.27,1000
1PC,271,1.891,1000,1000,1000000,-1915.27,1000
1PC,272,1.953,1000,1000,1000000,-1915.27,1000
1PC,273,1.907,1000,1000,1000000,-1915.27,1000
1PC,274,1.884,1000,1000,1000000,-1915.27,1000
1PC,275,1.921,1000,1000,1000000,-1915.27,1000
1PC,276,1.891,1000,1000,1000000,-1915.27,1000
1PC,277,1.878,1000,1000,1000000,-1915.27,1000
1PC,278,1.897,1000,1000,1000000,-1915.27,1000
1PC,279,1.881,1000,1000,1000000,-1915.27,1000
1PC,280,1.967,1000,1000,1000000,-1915.27,1000
1PC,281,1.913,1000,1000,1000000,-1915.27,1000
1PC,282,1.884,1000,1000,1000000,-1915.27,1000
1PC,283,1.894,1000,1000,1000000,-1915.27,1000
1PC,284,1.948,1000,1000,1000000,-1915.27,1000
1PC,285,1.888,1000,1000,1000000,-1915.27,1000
1PC,286,1.904,1000,1000,1000000,-1915.27,1000
1PC,287,1.932,1000,1000,1000000,-1915.27,1000
1PC,288,1.934,1000,1000,1000000,-1915.27,1000
1PC,289,2.056,1000,1000,1000000,-1915.27,1000
1PC,290,1.873,1000,1000,1000000,-1915.27,1000
1PC,291,1.888,1000,1000,1000000,-1915.27,1000
1PC,292,1.884,1000,1000,1000000,-1915.27,1000
1PC,293,1.868,1000,1000,1000000,-1915.27,1000
1PC,294,1.858,1000,1000,1000000,-1915.27,1000
1PC,295,1.869,1000,1000,1000000,-1915.27,1000
1PC,296,1.862,1000,1000,1000000,-1915.27,1000
1PC,297,1.871,1000,1000,1000000,-1915.27,1000
1PC,298,1.866,1000,1000,1000000,-1915.27,1000
1PC,299,1.883,1000,1000,1000000,-1915.27,1000
1PC,300,1.914,1000,1000,1000000,-1915.27,1000
1PC,301,1.866,1000,1000,1000000,-1915.27,1000
1PC,302,1.849,1000,1000,1000000,-1915.27,1000
1PC,303,1.864,1000,1000,1000000,-1915.27,1000
1PC,304,1.856,1000,1000,1000000,-1915.27,1000
1PC,305,1.879,1000,1000,1000000,-1915.27,1000
1PC,306,1.997,1000,1000,1000000,-1915.27,1000
1PC,307,1.908,1000,1000,1000000,-1915.27,1000
1PC,308,1.961,1000,1000,1000000,-1915.27,1000
1PC,309,1.872,1000,1000,1000000,-1915.27,1000
1PC,310,1.892,1000,1000,1000000,-1915.27,1000
1PC,311,1.904,1000,1000,1000000,-1915.27,1000
1PC,312,1.917,1000,1000,1000000,-1915.27,1000
1PC,313,1.875,1000,1000,1000000,-1915.27,1000
1PC,314,1.981,1000,1000,1000000,-1915.27,1000
1PC,315,1.955,1000,1000,1000000,-1915.27,1000
1PC,316,1.945,1000,1000,1000000,-1915.27,1000
1PC,317,2.079,1000,1000,1000000,-1915.27,1000
1PC,318,2.205,1000,1000,1000000,-1915.27,1000
1PC,319,1.944,1000,1000,1000000,-1915.27,1000
1PC,320,1.916,1000,1000,1000000,-1915.27,1000
1PC,321,1.916,1000,1000,1000000,-1915.27,1000
1PC,322,1.89,1000,1000,1000000,-1915.27,1000
1PC,323,1.825,1000,1000,1000000,-1915.27,1000
1PC,324,1.843,1000,1000,1000000,-1915.27,1000
1PC,325,1.832,1000,1000,1000000,-1915.27,1000
1PC,326,2.065,1000,1000,1000000,-1915.27,1000
1PC,327,2.156,1000,1000,1000000,-1915.27,1000
1PC,328,1.908,1000,1000,1000000,-1915.27,1000
1PC,329,1.866,1000,1000,1000000,-1915.27,1000
1PC,330,1.895,1000,1000,1000000,-1915.27,1000
1PC,331,1.867,1000,1000,1000000,-1915.27,1000
1PC,332,1.905,1000,1000,1000000,-1915.27,1000
1PC,333,1.877,1000,1000,1000000,-1915.27,1000
1PC,334,1.906,1000,1000,1000000,-1915.27,1000
1PC,335,1.872,1000,1000,1000000,-1915.27,1000
1PC,336,1.884,1000,1000,1000000,-1915.27,1000
1PC,337,1.872,1000,1000,1000000,-1915.27,1000
1PC,338,1.899,1000,1000,1000000,-1915.27,1000
1PC,339,1.967,1000,1000,1000000,-1915.27,1000
1PC,340,1.931,1000,1000,1000000,-1915.27,1000
1PC,341,1.94,1000,1000,1000000,-1915.27,1000
1PC,342,1.937,1000,1000,1000000,-1915.27,1000
1PC,343,1.897,1000,1000,1000000,-1915.27,1000
1PC,344,1.944,1000,1000,1000000,-1915.27,1000
1PC,345,1.865,1000,1000,1000000,-1915.27,1000
1PC,346,1.859,1000,1000,1000000,-1915.27,1000
1PC,347,1.867,1000,1000,1000000,-1915.27,1000
1PC,348,1.852,1000,1000,1000000,-1915.27,1000
1PC,349,1.922,1000,1000,1000000,-1915.27,1000
1PC,350,1.894,1000,1000,1000000,-1915.27,1000
1PC,351,1.931,1000,1000,1000000,-1915.27,1000
1PC,352,1.926,1000,1000,1000000,-1915.27,1000
1PC,353,1.855,1000,1000,1000000,-1915.27,1000
1PC,354,1.886,1000,1000,1000000,-1915.27,1000
1PC,355,1.852,1000,1000,1000000,-1915.27,1000
1PC,356,1.873,1000,1000,1000000,-1915.27,1000
1PC,357,1.913,1000,1000,1000000,-1915.27,1000
1PC,358,1.969,1000,1000,1000000,-1915.27,1000
1PC,359,1.952,1000,1000,1000000,-1915.27,1000
1PC,360,1.93,1000,1000,1000000,-1915.27,1000
1PC,361,1.978,1000,1000,1000000,-1915.27,1000
1PC,362,1.877,1000,1000,1000000,-1915.27,1000
1PC,363,1.819,1000,1000,1000000,-1915.27,1000
1PC,364,1.829,1000,1000,1000000,-1915.27,1000
1PC,365,1.82,1000,1000,1000000,-1915.27,1000
1PC,366,1.829,1000,1000,1000000,-1915.27,1000
1PC,367,1.82,1000,1000,1000000,-1915.27,1000
1PC,368,1.831,1000,1000,1000000,-1915.27,1000
1PC,369,1.819,1000,1000,1000000,-1915.27,1000
1PC,370,1.837,1000,1000,1000000,-1915.27,1000
1PC,371,1.821,1000,1000,1000000,-1915.27,1000
1PC,372,1.832,1000,1000,1000000,-1915.27,1000
1PC,373,1.822,1000,1000,1000000,-1915.27,1000
1PC,374,1.824,1000,1000,1000000,-1915.27,1000
1PC,375,1.859,1000,1000,1000000,-1915.27,1000
1PC,376,1.908,1000,1000,1000000,-1915.27,1000
1PC,377,1.855,1000,1000,1000000,-1915.27,1000
1PC,378,1.827,1000,1000,1000000,-1915.27,1000
1PC,379,1.822,1000,1000,1000000,-1915.27,1000
1PC,380,1.83,1000,1000,1000000,-1915.27,1000
1PC,381,1.825,1000,1000,1000000,-1915.27,1000
1PC,382,1.832,1000,1000,1000000,-1915.27,1000
1PC,383,1.832,1000,1000,1000000,-1915.27,1000
1PC,384,1.827,1000,1000,1000000,-1915.27,1000
1PC,385,1.823,1000,1000,1000000,-1915.27,1000
1PC,386,1.821,1000,1000,1000000,-1915.27,1000
1PC,387,1.83,1000,1000,1000000,-1915.27,1000
1PC,388,1.82,1000,1000,1000000,-1915.27,1000
1PC,389,1.836,1000,1000,1000000,-1915.27,1000
1PC,390,1.82,1000,1000,1000000,-1915.27,1000
1PC,391,1.833,1000,1000,1000000,-1915.27,1000
1PC,392,1.82,1000,1000,1000000,-1915.27,1000
1PC,393,1.849,1000,1000,1000000,-1915.27,1000
1PC,394,1.823,1000,1000,1000000,-1915.27,1000
1PC,395,1.831,1000,1000,1000000,-1915.27,1000
1PC,396,1.812,1000,1000,1000000,-1915.27,1000
1PC,397,1.838,1000,1000,1000000,-1915.27,1000
1PC,398,1.815,1000,1000,1000000,-1915.27,1000
1PC,399,1.823,1000,1000,1000000,-1915.27,1000
1PC,400,1.82,1000,1000,1000000,-1915.27,1000
1PC,401,1.829,1000,1000,1000000,-1915.27,1000
1PC,402,1.818,1000,1000,1000000,-1915.27,1000
1PC,403,1.837,1000,1000,1000000,-1915.27,1000
1PC,404,1.814,1000,1000,1000000,-1915.27,1000
1PC,405,1.831,1000,1000,1000000,-1915.27,1000
1PC,406,1.814,1000,1000,1000000,-1915.27,1000
1PC,407,1.837,1000,1000,1000000,-1915.27,1000
1PC,408,1.993,1000,1000,1000000,-1915.27,1000
1PC,409,1.938,1000,1000,1000000,-1915.27,1000
1PC,410,1.899,1000,1000,1000000,-1915.27,1000
1PC,411,1.886,1000,1000,1000000,-1915.27,1000
1PC,412,1.978,1000,1000,1000000,-1915.27,1000
1PC,413,1.928,1000,1000,1000000,-1915.27,1000
1PC,414,1.984,1000,1000,1000000,-1915.27,1000
1PC,415,1.86,1000,1000,1000000,-1915.27,1000
1PC,416,1.965,1000,1000,1000000,-1915.27,1000
1PC,417,2.059,1000,1000,1000000,-1915.27,1000
1PC,418,2.566,1000,1000,1000000,-1915.27,1000
1PC,419,2.159,1000,1000,1000000,-1915.27,1000
1PC,420,2.456,1000,1000,1000000,-1915.27,1000
1PC,421,2.203,1000,1000,1000000,-1915.27,1000
1PC,422,2.137,1000,1000,1000000,-1915.27,1000
1PC,423,1.952,1000,1000,1000000,-1915.27,1000
1PC,424,1.973,1000,1000,1000000,-1915.27,1000
1PC,425,1.969,1000,1000,1000000,-1915.27,1000
1PC,426,1.887,1000,1000,1000000,-1915.27,1000
1PC,427,1.973,1000,1000,1000000,-1915.27,1000
1PC,428,1.916,1000,1000,1000000,-1915.27,1000
1PC,429,2.159,1000,1000,1000000,-1915.27,1000
1PC,430,1.99,1000,1000,1000000,-1915.27,1000
1PC,431,1.959,1000,1000,1000000,-1915.27,1000
1PC,432,1.981,1000,1000,1000000,-1915.27,1000
1PC,433,1.954,1000,1000,1000000,-1915.27,1000
1PC,434,2.277,1000,1000,1000000,-1915.27,1000
1PC,435,2.287,1000,1000,1000000,-1915.27,1000
1PC,436,2.309,1000,1000,1000000,-1915.27,1000
1PC,437,2.271,1000,1000,1000000,-1915.27,1000
1PC,438,2.1,1000,1000,1000000,-1915.27,1000
1PC,439,1.96,1000,1000,1000000,-1915.27,1000
1PC,440,1.887,1000,1000,1000000,-1915.27,1000
1PC,441,1.876,1000,1000,1000000,-1915.27,1000
1PC,442,1.854,1000,1000,1000000,-1915.27,1000
1PC,443,1.902,1000,1000,1000000,-1915.27,1000
1PC,444,1.87,1000,1000,1000000,-1915.27,1000
1PC,445,1.853,1000,1000,1000000,-1915.27,1000
1PC,446,1.895,1000,1000,1000000,-1915.27,1000
1PC,447,1.893,1000,1000,1000000,-1915.27,1000
1PC,448,2.073,1000,1000,1000000,-1915.27,1000
1PC,449,2.209,1000,1000,1000000,-1915.27,1000
1PC,450,2.251,1000,1000,1000000,-1915.27,1000
1PC,451,2.175,1000,1000,1000000,-1915.27,1000
1PC,452,1.955,1000,1000,1000000,-1915.27,1000
1PC,453,1.994,1000,1000,1000000,-1915.27,1000
1PC,454,1.919,1000,1000,1000000,-1915.27,1000
1PC,455,1.929,1000,1000,1000000,-1915.27,1000
1PC,456,1.932,1000,1000,1000000,-1915.27,1000
1PC,457,1.898,1000,1000,1000000,-1915.27,1000
1PC,458,1.876,1000,1000,1000000,-1915.27,1000
1PC,459,1.897,1000,1000,1000000,-1915.27,1000
1PC,460,1.88,1000,1000,1000000,-1915.27,1000
1PC,461,1.929,1000,1000,1000000,-1915.27,1000
1PC,462,1.95,1000,1000,1000000,-1915.27,1000
1PC,463,1.892,1000,1000,1000000,-1915.27,1000
1PC,464,1.876,1000,1000,1000000,-1915.27,1000
1PC,465,1.906,1000,1000,1000000,-1915.27,1000
1PC,466,1.871,1000,1000,1000000,-1915.27,1000
1PC,467,1.861,1000,1000,1000000,-1915.27,1000
1PC,468,1.888,1000,1000,1000000,-1915.27,1000
1PC,469,1.888,1000,1000,1000000,-1915.27,1000
1PC,470,1.878,1000,1000,1000000,-1915.27,1000
1PC,471,1.86,1000,1000,1000000,-1915.27,1000
1PC,472,1.864,1000,1000,1000000,-1915.27,1000
1PC,473,1.864,1000,1000,1000000,-1915.27,1000
1PC,474,1.863,1000,1000,1000000,-1915.27,1000
1PC,475,1.867,1000,1000,1000000,-1915.27,1000
1PC,476,1.87,1000,1000,1000000,-1915.27,1000
1PC,477,1.866,1000,1000,1000000,-1915.27,1000
1PC,478,1.906,1000,1000,1000000,-1915.27,1000
1PC,479,1.941,1000,1000,1000000,-1915.27,1000
1PC,480,1.973,1000,1000,1000000,-1915.27,1000
1PC,481,2.402,1000,1000,1000000,-1915.27,1000
1PC,482,2.341,1000,1000,1000000,-1915.27,1000
1PC,483,2.461,1000,1000,1000000,-1915.27,1000
1PC,484,2.236,1000,1000,1000000,-1915.27,1000
1PC,485,2.083,1000,1000,1000000,-1915.27,1000
1PC,486,2.018,1000,1000,1000000,-1915.27,1000
1PC,487,1.924,1000,1000,1000000,-1915.27,1000
1PC,488,1.98,1000,1000,1000000,-1915.27,1000
1PC,489,1.921,1000,1000,1000000,-1915.27,1000
1PC,490,1.892,1000,1000,1000000,-1915.27,1000
1PC,491,1.886,1000,1000,1000000,-1915.27,1000
1PC,492,1.997,1000,1000,1000000,-1915.27,1000
1PC,493,1.9,1000,1000,1000000,-1915.27,1000
1PC,494,1.908,1000,1000,1000000,-1915.27,1000
1PC,495,1.955,1000,1000,1000000,-1915.27,1000
1PC,496,1.982,1000,1000,1000000,-1915.27,1000
1PC,497,1.953,1000,1000,1000000,-1915.27,1000
1PC,498,1.891,1000,1000,1000000,-1915.27,1000
1PC,499,1.883,1000,1000,1000000,-1915.27,1000
1PC,500,1.909,1000,1000,1000000,-1915.27,1000
1PC,501,1.957,1000,1000,1000000,-1915.27,1000
1PC,502,2.286,1000,1000,1000000,-1915.27,1000
1PC,503,2.736,1000,1000,1000000,-1915.27,1000
1PC,504,2.542,1000,1000,1000000,-1915.27,1000
1PC,505,1.966,1000,1000,1000000,-1915.27,1000
1PC,506,1.828,1000,1000,1000000,-1915.27,1000
1PC,507,1.998,1000,1000,1000000,-1915.27,1000
1PC,508,2.005,1000,1000,1000000,-1915.27,1000
1PC,509,2.198,1000,1000,1000000,-1915.27,1000
1PC,510,1.884,1000,1000,1000000,-1915.27,1000
1PC,511,1.825,1000,1000,1000000,-1915.27,1000
1PC,512,1.819,1000,1000,1000000,-1915.27,1000
1PC,513,1.837,1000,1000,1000000,-1915.27,1000
1PC,514,1.874,1000,1000,1000000,-1915.27,1000
1PC,515,1.806,1000,1000,1000000,-1915.27,1000
1PC,516,1.803,1000,1000,1000000,-1915.27,1000
1PC,517,1.806,1000,1000,1000000,-1915.27,1000
1PC,518,1.785,1000,1000,1000000,-1915.27,1000
1PC,519,1.806,1000,1000,1000000,-1915.27,1000
1PC,520,1.909,1000,1000,1000000,-1915.27,1000
1PC,521,1.866,1000,1000,1000000,-1915.27,1000
1PC,522,1.846,1000,1000,1000000,-1915.27,1000
1PC,523,1.901,1000,1000,1000000,-1915.27,1000
1PC,524,1.823,1000,1000,1000000,-1915.27,1000
1PC,525,1.796,1000,1000,1000000,-1915.27,1000
1PC,526,1.804,1000,1000,1000000,-1915.27,1000
1PC,527,1.803,1000,1000,1000000,-1915.27,1000
1PC,528,1.801,1000,1000,1000000,-1915.27,1000
1PC,529,1.796,1000,1000,1000000,-1915.27,1000
1PC,530,1.792,1000,1000,1000000,-1915.27,1000
1PC,531,1.797,1000,1000,1000000,-1915.27,1000
1PC,532,1.792,1000,1000,1000000,-1915.27,1000
1PC,533,1.797,1000,1000,1000000,-1915.27,1000
1PC,534,1.793,1000,1000,1000000,-1915.27,1000
1PC,535,1.792,1000,1000,1000000,-1915.27,1000
1PC,536,1.792,1000,1000,1000000,-1915.27,1000
1PC,537,1.797,1000,1000,1000000,-1915.27,1000
1PC,538,1.789,1000,1000,1000000,-1915.27,1000
1PC,539,1.791,1000,1000,1000000,-1915.27,1000
1PC,540,1.791,1000,1000,1000000,-1915.27,1000
1PC,541,1.795,1000,1000,1000000,-1915.27,1000
1PC,542,1.796,1000,1000,1000000,-1915.27,1000
1PC,543,1.797,1000,1000,1000000,-1915.27,1000
1PC,544,1.787,1000,1000,1000000,-1915.27,1000
1PC,545,1.807,1000,1000,1000000,-1915.27,1000
1PC,546,1.789,1000,1000,1000000,-1915.27,1000
1PC,547,1.796,1000,1000,1000000,-1915.27,1000
1PC,548,1.793,1000,1000,1000000,-1915.27,1000
1PC,549,1.782,1000,1000,1000000,-1915.27,1000
1PC,550,1.802,1000,1000,1000000,-1915.27,1000
1PC,551,1.794,1000,1000,1000000,-1915.27,1000
1PC,552,1.796,1000,1000,1000000,-1915.27,1000
1PC,553,1.794,1000,1000,1000000,-1915.27,1000
1PC,554,1.79,1000,1000,1000000,-1915.27,1000
1PC,555,1.791,1000,1000,1000000,-1915.27,1000
1PC,556,1.792,1000,1000,1000000,-1915.27,1000
1PC,557,1.8,1000,1000,1000000,-1915.27,1000
1PC,558,1.788,1000,1000,1000000,-1915.27,1000
1PC,559,1.784,1000,1000,1000000,-1915.27,1000
1PC,560,1.798,1000,1000,1000000,-1915.27,1000
1PC,561,1.801,1000,1000,1000000,-1915.27,1000
1PC,562,1.832,1000,1000,1000000,-1915.27,1000
1PC,563,1.881,1000,1000,1000000,-1915.27,1000
1PC,564,1.788,1000,1000,1000000,-1915.27,1000
1PC,565,1.795,1000,1000,1000000,-1915.27,1000
1PC,566,1.797,1000,1000,1000000,-1915.27,1000
1PC,567,1.872,1000,1000,1000000,-1915.27,1000
1PC,568,1.787,1000,1000,1000000,-1915.27,1000
1PC,569,1.804,1000,1000,1000000,-1915.27,1000
1PC,570,1.789,1000,1000,1000000,-1915.27,1000
1PC,571,1.798,1000,1000,1000000,-1915.27,1000
1PC,572,1.791,1000,1000,1000000,-1915.27,1000
1PC,573,1.793,1000,1000,1000000,-1915.27,1000
1PC,574,1.799,1000,1000,1000000,-1915.27,1000
1PC,575,1.876,1000,1000,1000000,-1915.27,1000
1PC,576,1.904,1000,1000,1000000,-1915.27,1000
1PC,577,1.963,1000,1000,1000000,-1915.27,1000
1PC,578,1.884,1000,1000,1000000,-1915.27,1000
1PC,579,1.83,1000,1000,1000000,-1915.27,1000
1PC,580,1.8,1000,1000,1000000,-1915.27,1000
1PC,581,1.796,1000,1000,1000000,-1915.27,1000
1PC,582,1.79,1000,1000,1000000,-1915.27,1000
1PC,583,1.802,1000,1000,1000000,-1915.27,1000
1PC,584,1.785,1000,1000,1000000,-1915.27,1000
1PC,585,1.798,1000,1000,1000000,-1915.27,1000
1PC,586,1.795,1000,1000,1000000,-1915.27,1000
1PC,587,1.784,1000,1000,1000000,-1915.27,1000
1PC,588,1.793,1000,1000,1000000,-1915.27,1000
1PC,589,1.787,1000,1000,1000000,-1915.27,1000
1PC,590,1.857,1000,1000,1000000,-1915.27,1000
1PC,591,1.851,1000,1000,1000000,-1915.27,1000
1PC,592,2.199,1000,1000,1000000,-1915.27,1000
1PC,593,1.903,1000,1000,1000000,-1915.27,1000
1PC,594,1.849,1000,1000,1000000,-1915.27,1000
1PC,595,1.835,1000,1000,1000000,-1915.27,1000
1PC,596,1.847,1000,1000,1000000,-1915.27,1000
1PC,597,1.811,1000,1000,1000000,-1915.27,1000
1PC,598,1.823,1000,1000,1000000,-1915.27,1000
1PC,599,1.902,1000,1000,1000000,-1915.27,1000
1PC,600,1.845,1000,1000,1000000,-1915.27,1000
1PC,601,1.866,1000,1000,1000000,-1915.27,1000
1PC,602,1.799,1000,1000,1000000,-1915.27,1000
1PC,603,1.812,1000,1000,1000000,-1915.27,1000
1PC,604,1.822,1000,1000,1000000,-1915.27,1000
1PC,605,1.809,1000,1000,1000000,-1915.27,1000
1PC,606,1.797,1000,1000,1000000,-1915.27,1000
1PC,607,1.795,1000,1000,1000000,-1915.27,1000
1PC,608,1.79,1000,1000,1000000,-1915.27,1000
1PC,609,1.845,1000,1000,1000000,-1915.27,1000
1PC,610,1.837,1000,1000,1000000,-1915.27,1000
1PC,611,1.882,1000,1000,1000000,-1915.27,1000
1PC,612,1.85,1000,1000,1000000,-1915.27,1000
1PC,613,1.83,1000,1000,1000000,-1915.27,1000
1PC,614,1.851,1000,1000,1000000,-1915.27,1000
1PC,615,1.858,1000,1000,1000000,-1915.27,1000
1PC,616,1.881,1000,1000,1000000,-1915.27,1000
1PC,617,1.841,1000,1000,1000000,-1915.27,1000
1PC,618,1.852,1000,1000,1000000,-1915.27,1000
1PC,619,1.846,1000,1000,1000000,-1915.27,1000
1PC,620,1.839,1000,1000,1000000,-1915.27,1000
1PC,621,1.85,1000,1000,1000000,-1915.27,1000
1PC,622,1.86,1000,1000,1000000,-1915.27,1000
1PC,623,1.842,1000,1000,1000000,-1915.27,1000
1PC,624,1.867,1000,1000,1000000,-1915.27,1000
1PC,625,1.842,1000,1000,1000000,-1915.27,1000
1PC,626,1.845,1000,1000,1000000,-1915.27,1000
1PC,627,1.843,1000,1000,1000000,-1915.27,1000
1PC,628,1.855,1000,1000,1000000,-1915.27,1000
1PC,629,1.878,1000,1000,1000000,-1915.27,1000
1PC,630,1.894,1000,1000,1000000,-1915.27,1000
1PC,631,1.855,1000,1000,1000000,-1915.27,1000
1PC,632,1.876,1000,1000,1000000,-1915.27,1000
1PC,633,1.885,1000,1000,1000000,-1915.27,1000
1PC,634,1.922,1000,1000,1000000,-1915.27,1000
1PC,635,1.922,1000,1000,1000000,-1915.27,1000
1PC,636,1.97,1000,1000,1000000,-1915.27,1000
1PC,637,1.86,1000,1000,1000000,-1915.27,1000
1PC,638,1.82,1000,1000,1000000,-1915.27,1000
1PC,639,1.795,1000,1000,1000000,-1915.27,1000
1PC,640,1.832,1000,1000,1000000,-1915.27,1000
1PC,641,1.838,1000,1000,1000000,-1915.27,1000
1PC,642,1.928,1000,1000,1000000,-1915.27,1000
1PC,643,2.061,1000,1000,1000000,-1915.27,1000
1PC,644,1.89,1000,1000,1000000,-1915.27,1000
1PC,645,2.201,1000,1000,1000000,-1915.27,1000
1PC,646,2.763,1000,1000,1000000,-1915.27,1000
1PC,647,2.324,1000,1000,1000000,-1915.27,1000
1PC,648,2.069,1000,1000,1000000,-1915.27,1000
1PC,649,2.059,1000,1000,1000000,-1915.27,1000
1PC,650,1.944,1000,1000,1000000,-1915.27,1000
1PC,651,2.2,1000,1000,1000000,-1915.27,1000
1PC,652,2.062,1000,1000,1000000,-1915.27,1000
1PC,653,2.009,1000,1000,1000000,-1915.27,1000
1PC,654,2.021,1000,1000,1000000,-1915.27,1000
1PC,655,1.899,1000,1000,1000000,-1915.27,1000
1PC,656,1.936,1000,1000,1000000,-1915.27,1000
1PC,657,1.903,1000,1000,1000000,-1915.27,1000
1PC,658,1.888,1000,1000,1000000,-1915.27,1000
1PC,659,1.94,1000,1000,1000000,-1915.27,1000
1PC,660,2.039,1000,1000,1000000,-1915.27,1000
1PC,661,1.884,1000,1000,1000000,-1915.27,1000
1PC,662,1.891,1000,1000,1000000,-1915.27,1000
1PC,663,1.884,1000,1000,1000000,-1915.27,1000
1PC,664,1.89,1000,1000,1000000,-1915.27,1000
1PC,665,1.877,1000,1000,1000000,-1915.27,1000
1PC,666,1.889,1000,1000,1000000,-1915.27,1000
1PC,667,1.893,1000,1000,1000000,-1915.27,1000
1PC,668,1.881,1000,1000,1000000,-1915.27,1000
1PC,669,1.881,1000,1000,1000000,-1915.27,1000
1PC,670,1.902,1000,1000,1000000,-1915.27,1000
1PC,671,1.874,1000,1000,1000000,-1915.27,1000
1PC,672,1.893,1000,1000,1000000,-1915.27,1000
1PC,673,1.889,1000,1000,1000000,-1915.27,1000
1PC,674,1.884,1000,1000,1000000,-1915.27,1000
1PC,675,1.884,1000,1000,1000000,-1915.27,1000
1PC,676,1.903,1000,1000,1000000,-1915.27,1000
1PC,677,1.895,1000,1000,1000000,-1915.27,1000
1PC,678,1.891,1000,1000,1000000,-1915.27,1000
1PC,679,1.894,1000,1000,1000000,-1915.27,1000
1PC,680,1.9,1000,1000,1000000,-1915.27,1000
1PC,681,1.894,1000,1000,1000000,-1915.27,1000
1PC,682,1.898,1000,1000,1000000,-1915.27,1000
1PC,683,1.896,1000,1000,1000000,-1915.27,1000
1PC,684,1.902,1000,1000,1000000,-1915.27,1000
1PC,685,1.897,1000,1000,1000000,-1915.27,1000
1PC,686,1.878,1000,1000,1000000,-1915.27,1000
1PC,687,1.89,1000,1000,1000000,-1915.27,1000
1PC,688,1.881,1000,1000,1000000,-1915.27,1000
1PC,689,1.886,1000,1000,1000000,-1915.27,1000
1PC,690,1.878,1000,1000,1000000,-1915.27,1000
1PC,691,1.891,1000,1000,1000000,-1915.27,1000
1PC,692,1.877,1000,1000,1000000,-1915.27,1000
1PC,693,1.883,1000,1000,1000000,-1915.27,1000
1PC,694,1.882,1000,1000,1000000,-1915.27,1000
1PC,695,1.887,1000,1000,1000000,-1915.27,1000
1PC,696,1.883,1000,1000,1000000,-1915.27,1000
1PC,697,1.89,1000,1000,1000000,-1915.27,1000
1PC,698,1.877,1000,1000,1000000,-1915.27,1000
1PC,699,1.883,1000,1000,1000000,-1915.27,1000
1PC,700,1.877,1000,1000,1000000,-1915.27,1000
1PC,701,1.904,1000,1000,1000000,-1915.27,1000
1PC,702,1.917,1000,1000,1000000,-1915.27,1000
1PC,703,1.968,1000,1000,1000000,-1915.27,1000
1PC,704,1.895,1000,1000,1000000,-1915.27,1000
1PC,705,1.884,1000,1000,1000000,-1915.27,1000
1PC,706,1.893,1000,1000,1000000,-1915.27,1000
1PC,707,1.872,1000,1000,1000000,-1915.27,1000
1PC,708,1.88,1000,1000,1000000,-1915.27,1000
1PC,709,1.874,1000,1000,1000000,-1915.27,1000
1PC,710,1.881,1000,1000,1000000,-1915.27,1000
1PC,711,1.879,1000,1000,1000000,-1915.27,1000
1PC,712,1.897,1000,1000,1000000,-1915.27,1000
1PC,713,1.885,1000,1000,1000000,-1915.27,1000
1PC,714,1.891,1000,1000,1000000,-1915.27,1000
1PC,715,1.893,1000,1000,1000000,-1915.27,1000
1PC,716,1.891,1000,1000,1000000,-1915.27,1000
1PC,717,1.887,1000,1000,1000000,-1915.27,1000
1PC,718,1.89,1000,1000,1000000,-1915.27,1000
1PC,719,1.876,1000,1000,1000000,-1915.27,1000
1PC,720,1.898,1000,1000,1000000,-1915.27,1000
1PC,721,1.88,1000,1000,1000000,-1915.27,1000
1PC,722,1.892,1000,1000,1000000,-1915.27,1000
1PC,723,1.888,1000,1000,1000000,-1915.27,1000
1PC,724,1.885,1000,1000,1000000,-1915.27,1000
1PC,725,1.889,1000,1000,1000000,-1915.27,1000
1PC,726,1.878,1000,1000,1000000,-1915.27,1000
1PC,727,1.894,1000,1000,1000000,-1915.27,1000
1PC,728,1.903,1000,1000,1000000,-1915.27,1000
1PC,729,1.893,1000,1000,1000000,-1915.27,1000
1PC,730,1.873,1000,1000,1000000,-1915.27,1000
1PC,731,1.898,1000,1000,1000000,-1915.27,1000
1PC,732,1.87,1000,1000,1000000,-1915.27,1000
1PC,733,1.888,1000,1000,1000000,-1915.27,1000
1PC,734,1.875,1000,1000,1000000,-1915.27,1000
1PC,735,1.885,1000,1000,1000000,-1915.27,1000
1PC,736,1.884,1000,1000,1000000,-1915.27,1000
1PC,737,1.885,1000,1000,1000000,-1915.27,1000
1PC,738,1.884,1000,1000,1000000,-1915.27,1000
1PC,739,1.89,1000,1000,1000000,-1915.27,1000
1PC,740,1.878,1000,1000,1000000,-1915.27,1000
1PC,741,1.897,1000,1000,1000000,-1915.27,1000
1PC,742,1.881,1000,1000,1000000,-1915.27,1000
1PC,743,1.889,1000,1000,1000000,-1915.27,1000
1PC,744,1.888,1000,1000,1000000,-1915.27,1000
1PC,745,1.896,1000,1000,1000000,-1915.27,1000
1PC,746,1.879,1000,1000,1000000,-1915.27,1000
1PC,747,1.882,1000,1000,1000000,-1915.27,1000
1PC,748,1.904,1000,1000,1000000,-1915.27,1000
1PC,749,1.89,1000,1000,1000000,-1915.27,1000
1PC,750,1.888,1000,1000,1000000,-1915.27,1000
1PC,751,1.881,1000,1000,1000000,-1915.27,1000
1PC,752,1.893,1000,1000,1000000,-1915.27,1000
1PC,753,1.878,1000,1000,1000000,-1915.27,1000
1PC,754,1.899,1000,1000,1000000,-1915.27,1000
1PC,755,1.882,1000,1000,1000000,-1915.27,1000
1PC,756,1.93,1000,1000,1000000,-1915.27,1000
1PC,757,1.879,1000,1000,1000000,-1915.27,1000
1PC,758,1.89,1000,1000,1000000,-1915.27,1000
1PC,759,1.876,1000,1000,1000000,-1915.27,1000
1PC,760,1.891,1000,1000,1000000,-1915.27,1000
1PC,761,1.88,1000,1000,1000000,-1915.27,1000
1PC,762,1.888,1000,1000,1000000,-1915.27,1000
1PC,763,1.873,1000,1000,1000000,-1915.27,1000
1PC,764,1.905,1000,1000,1000000,-1915.27,1000
1PC,765,1.871,1000,1000,1000000,-1915.27,1000
1PC,766,1.895,1000,1000,1000000,-1915.27,1000
1PC,767,1.894,1000,1000,1000000,-1915.27,1000
1PC,768,1.892,1000,1000,1000000,-1915.27,1000
1PC,769,1.891,1000,1000,1000000,-1915.27,1000
1PC,770,1.881,1000,1000,1000000,-1915.27,1000
1PC,771,1.891,1000,1000,1000000,-1915.27,1000
1PC,772,1.888,1000,1000,1000000,-1915.27,1000
1PC,773,1.905,1000,1000,1000000,-1915.27,1000
1PC,774,1.904,1000,1000,1000000,-1915.27,1000
1PC,775,1.904,1000,1000,1000000,-1915.27,1000
1PC,776,1.909,1000,1000,1000000,-1915.27,1000
1PC,777,1.907,1000,1000,1000000,-1915.27,1000
1PC,778,1.979,1000,1000,1000000,-1915.27,1000
1PC,779,1.901,1000,1000,1000000,-1915.27,1000
1PC,780,1.887,1000,1000,1000000,-1915.27,1000
1PC,781,1.887,1000,1000,1000000,-1915.27,1000
1PC,782,1.88,1000,1000,1000000,-1915.27,1000
1PC,783,1.897,1000,1000,1000000,-1915.27,1000
1PC,784,1.891,1000,1000,1000000,-1915.27,1000
1PC,785,1.894,1000,1000,1000000,-1915.27,1000
1PC,786,1.894,1000,1000,1000000,-1915.27,1000
1PC,787,1.884,1000,1000,1000000,-1915.27,1000
1PC,788,1.889,1000,1000,1000000,-1915.27,1000
1PC,789,1.897,1000,1000,1000000,-1915.27,1000
1PC,790,1.894,1000,1000,1000000,-1915.27,1000
1PC,791,1.888,1000,1000,1000000,-1915.27,1000
1PC,792,1.908,1000,1000,1000000,-1915.27,1000
1PC,793,1.885,1000,1000,1000000,-1915.27,1000
1PC,794,1.9,1000,1000,1000000,-1915.27,1000
1PC,795,1.883,1000,1000,1000000,-1915.27,1000
1PC,796,1.894,1000,1000,1000000,-1915.27,1000
1PC,797,1.884,1000,1000,1000000,-1915.27,1000
1PC,798,1.902,1000,1000,1000000,-1915.27,1000
1PC,799,1.875,1000,1000,1000000,-1915.27,1000
1PC,800,1.903,1000,1000,1000000,-1915.27,1000
1PC,801,1.893,1000,1000,1000000,-1915.27,1000
1PC,802,1.924,1000,1000,1000000,-1915.27,1000
1PC,803,2.032,1000,1000,1000000,-1915.27,1000
1PC,804,1.959,1000,1000,1000000,-1915.27,1000
1PC,805,2.526,1000,1000,1000000,-1915.27,1000
1PC,806,2.024,1000,1000,1000000,-1915.27,1000
1PC,807,2.01,1000,1000,1000000,-1915.27,1000
1PC,808,1.986,1000,1000,1000000,-1915.27,1000
1PC,809,1.96,1000,1000,1000000,-1915.27,1000
1PC,810,1.926,1000,1000,1000000,-1915.27,1000
1PC,811,2.008,1000,1000,1000000,-1915.27,1000
1PC,812,2.275,1000,1000,1000000,-1915.27,1000
1PC,813,2.335,1000,1000,1000000,-1915.27,1000
1PC,814,1.95,1000,1000,1000000,-1915.27,1000
1PC,815,1.961,1000,1000,1000000,-1915.27,1000
1PC,816,2.109,1000,1000,1000000,-1915.27,1000
1PC,817,2.004,1000,1000,1000000,-1915.27,1000
1PC,818,1.919,1000,1000,1000000,-1915.27,1000
1PC,819,1.937,1000,1000,1000000,-1915.27,1000
1PC,820,1.893,1000,1000,1000000,-1915.27,1000
1PC,821,1.894,1000,1000,1000000,-1915.27,1000
1PC,822,1.87,1000,1000,1000000,-1915.27,1000
1PC,823,1.894,1000,1000,1000000,-1915.27,1000
1PC,824,1.844,1000,1000,1000000,-1915.27,1000
1PC,825,1.857,1000,1000,1000000,-1915.27,1000
1PC,826,1.924,1000,1000,1000000,-1915.27,1000
1PC,827,1.879,1000,1000,1000000,-1915.27,1000
1PC,828,1.853,1000,1000,1000000,-1915.27,1000
1PC,829,1.908,1000,1000,1000000,-1915.27,1000
1PC,830,1.874,1000,1000,1000000,-1915.27,1000
1PC,831,1.874,1000,1000,1000000,-1915.27,1000
1PC,832,1.897,1000,1000,1000000,-1915.27,1000
1PC,833,1.952,1000,1000,1000000,-1915.27,1000
1PC,834,1.862,1000,1000,1000000,-1915.27,1000
1PC,835,2.059,1000,1000,1000000,-1915.27,1000
1PC,836,2.447,1000,1000,1000000,-1915.27,1000
1PC,837,2.022,1000,1000,1000000,-1915.27,1000
1PC,838,2.287,1000,1000,1000000,-1915.27,1000
1PC,839,2.002,1000,1000,1000000,-1915.27,1000
1PC,840,1.892,1000,1000,1000000,-1915.27,1000
1PC,841,1.99,1000,1000,1000000,-1915.27,1000
1PC,842,2.035,1000,1000,1000000,-1915.27,1000
1PC,843,1.895,1000,1000,1000000,-1915.27,1000
1PC,844,1.851,1000,1000,1000000,-1915.27,1000
1PC,845,1.897,1000,1000,1000000,-1915.27,1000
1PC,846,2.057,1000,1000,1000000,-1915.27,1000
1PC,847,2.02,1000,1000,1000000,-1915.27,1000
1PC,848,2.023,1000,1000,1000000,-1915.27,1000
1PC,849,2.188,1000,1000,1000000,-1915.27,1000
1PC,850,2.042,1000,1000,1000000,-1915.27,1000
1PC,851,1.926,1000,1000,1000000,-1915.27,1000
1PC,852,1.94,1000,1000,1000000,-1915.27,1000
1PC,853,1.995,1000,1000,1000000,-1915.27,1000
1PC,854,2.019,1000,1000,1000000,-1915.27,1000
1PC,855,1.935,1000,1000,1000000,-1915.27,1000
1PC,856,1.897,1000,1000,1000000,-1915.27,1000
1PC,857,1.998,1000,1000,1000000,-1915.27,1000
1PC,858,1.947,1000,1000,1000000,-1915.27,1000
1PC,859,1.982,1000,1000,1000000,-1915.27,1000
1PC,860,1.958,1000,1000,1000000,-1915.27,1000
1PC,861,1.921,1000,1000,1000000,-1915.27,1000
1PC,862,2.083,1000,1000,1000000,-1915.27,1000
1PC,863,2.033,1000,1000,1000000,-1915.27,1000
1PC,864,1.9,1000,1000,1000000,-1915.27,1000
1PC,865,1.909,1000,1000,1000000,-1915.27,1000
1PC,866,1.915,1000,1000,1000000,-1915.27,1000
1PC,867,1.924,1000,1000,1000000,-1915.27,1000
1PC,868,1.918,1000,1000,1000000,-1915.27,1000
1PC,869,1.992,1000,1000,1000000,-1915.27,1000
1PC,870,1.944,1000,1000,1000000,-1915.27,1000
1PC,871,1.856,1000,1000,1000000,-1915.27,1000
1PC,872,1.841,1000,1000,1000000,-1915.27,1000
1PC,873,1.88,1000,1000,1000000,-1915.27,1000
1PC,874,1.906,1000,1000,1000000,-1915.27,1000
1PC,875,1.877,1000,1000,1000000,-1915.27,1000
1PC,876,1.839,1000,1000,1000000,-1915.27,1000
1PC,877,1.861,1000,1000,1000000,-1915.27,1000
1PC,878,1.863,1000,1000,1000000,-1915.27,1000
1PC,879,1.881,1000,1000,1000000,-1915.27,1000
1PC,880,1.888,1000,1000,1000000,-1915.27,1000
1PC,881,1.87,1000,1000,1000000,-1915.27,1000
1PC,882,1.896,1000,1000,1000000,-1915.27,1000
1PC,883,1.874,1000,1000,1000000,-1915.27,1000
1PC,884,1.848,1000,1000,1000000,-1915.27,1000
1PC,885,1.863,1000,1000,1000000,-1915.27,1000
1PC,886,1.873,1000,1000,1000000,-1915.27,1000
1PC,887,1.869,1000,1000,1000000,-1915.27,1000
1PC,888,1.885,1000,1000,1000000,-1915.27,1000
1PC,889,1.873,1000,1000,1000000,-1915.27,1000
1PC,890,1.876,1000,1000,1000000,-1915.27,1000
1PC,891,1.837,1000,1000,1000000,-1915.27,1000
1PC,892,1.845,1000,1000,1000000,-1915.27,1000
1PC,893,1.84,1000,1000,1000000,-1915.27,1000
1PC,894,1.846,1000,1000,1000000,-1915.27,1000
1PC,895,1.846,1000,1000,1000000,-1915.27,1000
1PC,896,1.871,1000,1000,1000000,-1915.27,1000
1PC,897,1.945,1000,1000,1000000,-1915.27,1000
1PC,898,1.978,1000,1000,1000000,-1915.27,1000
1PC,899,2.042,1000,1000,1000000,-1915.27,1000
1PC,900,1.97,1000,1000,1000000,-1915.27,1000
1PC,901,1.916,1000,1000,1000000,-1915.27,1000
1PC,902,1.913,1000,1000,1000000,-1915.27,1000
1PC,903,1.903,1000,1000,1000000,-1915.27,1000
1PC,904,1.901,1000,1000,1000000,-1915.27,1000
1PC,905,1.916,1000,1000,1000000,-1915.27,1000
1PC,906,1.915,1000,1000,1000000,-1915.27,1000
1PC,907,1.911,1000,1000,1000000,-1915.27,1000
1PC,908,1.917,1000,1000,1000000,-1915.27,1000
1PC,909,1.916,1000,1000,1000000,-1915.27,1000
1PC,910,1.925,1000,1000,1000000,-1915.27,1000
1PC,911,2.296,1000,1000,1000000,-1915.27,1000
1PC,912,2.458,1000,1000,1000000,-1915.27,1000
1PC,913,2.243,1000,1000,1000000,-1915.27,1000
1PC,914,2.148,1000,1000,1000000,-1915.27,1000
1PC,915,2.033,1000,1000,1000000,-1915.27,1000
1PC,916,2.113,1000,1000,1000000,-1915.27,1000
1PC,917,1.951,1000,1000,1000000,-1915.27,1000
1PC,918,1.96,1000,1000,1000000,-1915.27,1000
1PC,919,1.909,1000,1000,1000000,-1915.27,1000
1PC,920,1.904,1000,1000,1000000,-1915.27,1000
1PC,921,1.924,1000,1000,1000000,-1915.27,1000
1PC,922,1.936,1000,1000,1000000,-1915.27,1000
1PC,923,1.984,1000,1000,1000000,-1915.27,1000
1PC,924,2.251,1000,1000,1000000,-1915.27,1000
1PC,925,1.941,1000,1000,1000000,-1915.27,1000
1PC,926,2.008,1000,1000,1000000,-1915.27,1000
1PC,927,2.183,1000,1000,1000000,-1915.27,1000
1PC,928,2.204,1000,1000,1000000,-1915.27,1000
1PC,929,1.98,1000,1000,1000000,-1915.27,1000
1PC,930,2.002,1000,1000,1000000,-1915.27,1000
1PC,931,1.981,1000,1000,1000000,-1915.27,1000
1PC,932,1.883,1000,1000,1000000,-1915.27,1000
1PC,933,1.859,1000,1000,1000000,-1915.27,1000
1PC,934,1.872,1000,1000,1000000,-1915.27,1000
1PC,935,1.841,1000,1000,1000000,-1915.27,1000
1PC,936,1.866,1000,1000,1000000,-1915.27,1000
1PC,937,1.961,1000,1000,1000000,-1915.27,1000
1PC,938,1.921,1000,1000,1000000,-1915.27,1000
1PC,939,1.938,1000,1000,1000000,-1915.27,1000
1PC,940,2.005,1000,1000,1000000,-1915.27,1000
1PC,941,1.885,1000,1000,1000000,-1915.27,1000
1PC,942,1.893,1000,1000,1000000,-1915.27,1000
1PC,943,1.895,1000,1000,1000000,-1915.27,1000
1PC,944,1.882,1000,1000,1000000,-1915.27,1000
1PC,945,1.904,1000,1000,1000000,-1915.27,1000
1PC,946,1.879,1000,1000,1000000,-1915.27,1000
1PC,947,1.891,1000,1000,1000000,-1915.27,1000
1PC,948,1.87,1000,1000,1000000,-1915.27,1000
1PC,949,1.892,1000,1000,1000000,-1915.27,1000
1PC,950,1.876,1000,1000,1000000,-1915.27,1000
1PC,951,1.866,1000,1000,1000000,-1915.27,1000
1PC,952,1.887,1000,1000,1000000,-1915.27,1000
1PC,953,1.872,1000,1000,1000000,-1915.27,1000
1PC,954,1.877,1000,1000,1000000,-1915.27,1000
1PC,955,1.904,1000,1000,1000000,-1915.27,1000
1PC,956,1.887,1000,1000,1000000,-1915.27,1000
1PC,957,1.872,1000,1000,1000000,-1915.27,1000
1PC,958,1.88,1000,1000,1000000,-1915.27,1000
1PC,959,1.896,1000,1000,1000000,-1915.27,1000
1PC,960,1.889,1000,1000,1000000,-1915.27,1000
1PC,961,1.898,1000,1000,1000000,-1915.27,1000
1PC,962,1.881,1000,1000,1000000,-1915.27,1000
1PC,963,1.896,1000,1000,1000000,-1915.27,1000
1PC,964,1.891,1000,1000,1000000,-1915.27,1000
1PC,965,1.914,1000,1000,1000000,-1915.27,1000
1PC,966,1.865,1000,1000,1000000,-1915.27,1000
1PC,967,1.89,1000,1000,1000000,-1915.27,1000
1PC,968,1.884,1000,1000,1000000,-1915.27,1000
1PC,969,1.872,1000,1000,1000000,-1915.27,1000
1PC,970,1.875,1000,1000,1000000,-1915.27,1000
1PC,971,1.899,1000,1000,1000000,-1915.27,1000
1PC,972,1.871,1000,1000,1000000,-1915.27,1000
1PC,973,1.871,1000,1000,1000000,-1915.27,1000
1PC,974,1.922,1000,1000,1000000,-1915.27,1000
1PC,975,1.866,1000,1000,1000000,-1915.27,1000
1PC,976,1.919,1000,1000,1000000,-1915.27,1000
1PC,977,1.938,1000,1000,1000000,-1915.27,1000
1PC,978,1.921,1000,1000,1000000,-1915.27,1000
1PC,979,1.914,1000,1000,1000000,-1915.27,1000
1PC,980,1.915,1000,1000,1000000,-1915.27,1000
1PC,981,1.916,1000,1000,1000000,-1915.27,1000
1PC,982,1.958,1000,1000,1000000,-1915.27,1000
1PC,983,1.906,1000,1000,1000000,-1915.27,1000
1PC,984,1.92,1000,1000,1000000,-1915.27,1000
1PC,985,1.92,1000,1000,1000000,-1915.27,1000
1PC,986,1.919,1000,1000,1000000,-1915.27,1000
1PC,987,1.923,1000,1000,1000000,-1915.27,1000
1PC,988,1.909,1000,1000,1000000,-1915.27,1000
1PC,989,1.955,1000,1000,1000000,-1915.27,1000
1PC,990,1.986,1000,1000,1000000,-1915.27,1000
1PC,991,1.977,1000,1000,1000000,-1915.27,1000
1PC,992,1.931,1000,1000,1000000,-1915.27,1000
1PC,993,1.917,1000,1000,1000000,-1915.27,1000
1PC,994,1.934,1000,1000,1000000,-1915.27,1000
1PC,995,1.915,1000,1000,1000000,-1915.27,1000
1PC,996,1.922,1000,1000,1000000,-1915.27,1000
1PC,997,1.919,1000,1000,1000000,-1915.27,1000
1PC,998,1.922,1000,1000,1000000,-1915.27,1000
1PC,999,1.915,1000,1000,1000000,-1915.27,1000
