test_pack,processor,#iter,time,turn,pass,all_iter,all_time,clock_per_sec
1PC,CPU,0,1.88,1000,1000,1000000,-1766.76,1000
1PC,CPU,1,1.769,1000,1000,1000000,-1766.76,1000
1PC,CPU,2,1.765,1000,1000,1000000,-1766.76,1000
1PC,CPU,3,1.765,1000,1000,1000000,-1766.76,1000
1PC,CPU,4,1.764,1000,1000,1000000,-1766.76,1000
1PC,CPU,5,1.765,1000,1000,1000000,-1766.76,1000
1PC,CPU,6,1.765,1000,1000,1000000,-1766.76,1000
1PC,CPU,7,1.765,1000,1000,1000000,-1766.76,1000
1PC,CPU,8,1.765,1000,1000,1000000,-1766.76,1000
1PC,CPU,9,1.766,1000,1000,1000000,-1766.76,1000
1PC,CPU,10,1.767,1000,1000,1000000,-1766.76,1000
1PC,CPU,11,1.765,1000,1000,1000000,-1766.76,1000
1PC,CPU,12,1.765,1000,1000,1000000,-1766.76,1000
1PC,CPU,13,1.767,1000,1000,1000000,-1766.76,1000
1PC,CPU,14,1.764,1000,1000,1000000,-1766.76,1000
1PC,CPU,15,1.767,1000,1000,1000000,-1766.76,1000
1PC,CPU,16,1.765,1000,1000,1000000,-1766.76,1000
1PC,CPU,17,1.771,1000,1000,1000000,-1766.76,1000
1PC,CPU,18,1.763,1000,1000,1000000,-1766.76,1000
1PC,CPU,19,1.762,1000,1000,1000000,-1766.76,1000
1PC,CPU,20,1.768,1000,1000,1000000,-1766.76,1000
1PC,CPU,21,1.767,1000,1000,1000000,-1766.76,1000
1PC,CPU,22,1.764,1000,1000,1000000,-1766.76,1000
1PC,CPU,23,1.762,1000,1000,1000000,-1766.76,1000
1PC,CPU,24,1.775,1000,1000,1000000,-1766.76,1000
1PC,CPU,25,1.766,1000,1000,1000000,-1766.76,1000
1PC,CPU,26,1.764,1000,1000,1000000,-1766.76,1000
1PC,CPU,27,1.768,1000,1000,1000000,-1766.76,1000
1PC,CPU,28,1.764,1000,1000,1000000,-1766.76,1000
1PC,CPU,29,1.763,1000,1000,1000000,-1766.76,1000
1PC,CPU,30,1.761,1000,1000,1000000,-1766.76,1000
1PC,CPU,31,1.769,1000,1000,1000000,-1766.76,1000
1PC,CPU,32,1.763,1000,1000,1000000,-1766.76,1000
1PC,CPU,33,1.77,1000,1000,1000000,-1766.76,1000
1PC,CPU,34,1.768,1000,1000,1000000,-1766.76,1000
1PC,CPU,35,1.76,1000,1000,1000000,-1766.76,1000
1PC,CPU,36,1.767,1000,1000,1000000,-1766.76,1000
1PC,CPU,37,1.766,1000,1000,1000000,-1766.76,1000
1PC,CPU,38,1.766,1000,1000,1000000,-1766.76,1000
1PC,CPU,39,1.76,1000,1000,1000000,-1766.76,1000
1PC,CPU,40,1.764,1000,1000,1000000,-1766.76,1000
1PC,CPU,41,1.775,1000,1000,1000000,-1766.76,1000
1PC,CPU,42,1.768,1000,1000,1000000,-1766.76,1000
1PC,CPU,43,1.767,1000,1000,1000000,-1766.76,1000
1PC,CPU,44,1.77,1000,1000,1000000,-1766.76,1000
1PC,CPU,45,1.763,1000,1000,1000000,-1766.76,1000
1PC,CPU,46,1.763,1000,1000,1000000,-1766.76,1000
1PC,CPU,47,1.764,1000,1000,1000000,-1766.76,1000
1PC,CPU,48,1.765,1000,1000,1000000,-1766.76,1000
1PC,CPU,49,1.764,1000,1000,1000000,-1766.76,1000
1PC,CPU,50,1.763,1000,1000,1000000,-1766.76,1000
1PC,CPU,51,1.764,1000,1000,1000000,-1766.76,1000
1PC,CPU,52,1.761,1000,1000,1000000,-1766.76,1000
1PC,CPU,53,1.765,1000,1000,1000000,-1766.76,1000
1PC,CPU,54,1.763,1000,1000,1000000,-1766.76,1000
1PC,CPU,55,1.767,1000,1000,1000000,-1766.76,1000
1PC,CPU,56,1.767,1000,1000,1000000,-1766.76,1000
1PC,CPU,57,1.762,1000,1000,1000000,-1766.76,1000
1PC,CPU,58,1.766,1000,1000,1000000,-1766.76,1000
1PC,CPU,59,1.764,1000,1000,1000000,-1766.76,1000
1PC,CPU,60,1.762,1000,1000,1000000,-1766.76,1000
1PC,CPU,61,1.764,1000,1000,1000000,-1766.76,1000
1PC,CPU,62,1.765,1000,1000,1000000,-1766.76,1000
1PC,CPU,63,1.764,1000,1000,1000000,-1766.76,1000
1PC,CPU,64,1.763,1000,1000,1000000,-1766.76,1000
1PC,CPU,65,1.771,1000,1000,1000000,-1766.76,1000
1PC,CPU,66,1.766,1000,1000,1000000,-1766.76,1000
1PC,CPU,67,1.764,1000,1000,1000000,-1766.76,1000
1PC,CPU,68,1.766,1000,1000,1000000,-1766.76,1000
1PC,CPU,69,1.773,1000,1000,1000000,-1766.76,1000
1PC,CPU,70,1.763,1000,1000,1000000,-1766.76,1000
1PC,CPU,71,1.766,1000,1000,1000000,-1766.76,1000
1PC,CPU,72,1.773,1000,1000,1000000,-1766.76,1000
1PC,CPU,73,1.764,1000,1000,1000000,-1766.76,1000
1PC,CPU,74,1.763,1000,1000,1000000,-1766.76,1000
1PC,CPU,75,1.766,1000,1000,1000000,-1766.76,1000
1PC,CPU,76,1.768,1000,1000,1000000,-1766.76,1000
1PC,CPU,77,1.764,1000,1000,1000000,-1766.76,1000
1PC,CPU,78,1.768,1000,1000,1000000,-1766.76,1000
1PC,CPU,79,1.768,1000,1000,1000000,-1766.76,1000
1PC,CPU,80,1.761,1000,1000,1000000,-1766.76,1000
1PC,CPU,81,1.764,1000,1000,1000000,-1766.76,1000
1PC,CPU,82,1.767,1000,1000,1000000,-1766.76,1000
1PC,CPU,83,1.765,1000,1000,1000000,-1766.76,1000
1PC,CPU,84,1.766,1000,1000,1000000,-1766.76,1000
1PC,CPU,85,1.766,1000,1000,1000000,-1766.76,1000
1PC,CPU,86,1.766,1000,1000,1000000,-1766.76,1000
1PC,CPU,87,1.763,1000,1000,1000000,-1766.76,1000
1PC,CPU,88,1.761,1000,1000,1000000,-1766.76,1000
1PC,CPU,89,1.769,1000,1000,1000000,-1766.76,1000
1PC,CPU,90,1.764,1000,1000,1000000,-1766.76,1000
1PC,CPU,91,1.77,1000,1000,1000000,-1766.76,1000
1PC,CPU,92,1.762,1000,1000,1000000,-1766.76,1000
1PC,CPU,93,1.768,1000,1000,1000000,-1766.76,1000
1PC,CPU,94,1.765,1000,1000,1000000,-1766.76,1000
1PC,CPU,95,1.76,1000,1000,1000000,-1766.76,1000
1PC,CPU,96,1.769,1000,1000,1000000,-1766.76,1000
1PC,CPU,97,1.766,1000,1000,1000000,-1766.76,1000
1PC,CPU,98,1.762,1000,1000,1000000,-1766.76,1000
1PC,CPU,99,1.768,1000,1000,1000000,-1766.76,1000
1PC,CPU,100,1.767,1000,1000,1000000,-1766.76,1000
1PC,CPU,101,1.765,1000,1000,1000000,-1766.76,1000
1PC,CPU,102,1.764,1000,1000,1000000,-1766.76,1000
1PC,CPU,103,1.77,1000,1000,1000000,-1766.76,1000
1PC,CPU,104,1.768,1000,1000,1000000,-1766.76,1000
1PC,CPU,105,1.763,1000,1000,1000000,-1766.76,1000
1PC,CPU,106,1.765,1000,1000,1000000,-1766.76,1000
1PC,CPU,107,1.768,1000,1000,1000000,-1766.76,1000
1PC,CPU,108,1.766,1000,1000,1000000,-1766.76,1000
1PC,CPU,109,1.765,1000,1000,1000000,-1766.76,1000
1PC,CPU,110,1.768,1000,1000,1000000,-1766.76,1000
1PC,CPU,111,1.762,1000,1000,1000000,-1766.76,1000
1PC,CPU,112,1.765,1000,1000,1000000,-1766.76,1000
1PC,CPU,113,1.765,1000,1000,1000000,-1766.76,1000
1PC,CPU,114,1.765,1000,1000,1000000,-1766.76,1000
1PC,CPU,115,1.766,1000,1000,1000000,-1766.76,1000
1PC,CPU,116,1.765,1000,1000,1000000,-1766.76,1000
1PC,CPU,117,1.768,1000,1000,1000000,-1766.76,1000
1PC,CPU,118,1.763,1000,1000,1000000,-1766.76,1000
1PC,CPU,119,1.766,1000,1000,1000000,-1766.76,1000
1PC,CPU,120,1.768,1000,1000,1000000,-1766.76,1000
1PC,CPU,121,1.764,1000,1000,1000000,-1766.76,1000
1PC,CPU,122,1.766,1000,1000,1000000,-1766.76,1000
1PC,CPU,123,1.766,1000,1000,1000000,-1766.76,1000
1PC,CPU,124,1.767,1000,1000,1000000,-1766.76,1000
1PC,CPU,125,1.762,1000,1000,1000000,-1766.76,1000
1PC,CPU,126,1.762,1000,1000,1000000,-1766.76,1000
1PC,CPU,127,1.77,1000,1000,1000000,-1766.76,1000
1PC,CPU,128,1.766,1000,1000,1000000,-1766.76,1000
1PC,CPU,129,1.761,1000,1000,1000000,-1766.76,1000
1PC,CPU,130,1.759,1000,1000,1000000,-1766.76,1000
1PC,CPU,131,1.77,1000,1000,1000000,-1766.76,1000
1PC,CPU,132,1.763,1000,1000,1000000,-1766.76,1000
1PC,CPU,133,1.765,1000,1000,1000000,-1766.76,1000
1PC,CPU,134,1.766,1000,1000,1000000,-1766.76,1000
1PC,CPU,135,1.765,1000,1000,1000000,-1766.76,1000
1PC,CPU,136,1.763,1000,1000,1000000,-1766.76,1000
1PC,CPU,137,1.766,1000,1000,1000000,-1766.76,1000
1PC,CPU,138,1.769,1000,1000,1000000,-1766.76,1000
1PC,CPU,139,1.764,1000,1000,1000000,-1766.76,1000
1PC,CPU,140,1.765,1000,1000,1000000,-1766.76,1000
1PC,CPU,141,1.769,1000,1000,1000000,-1766.76,1000
1PC,CPU,142,1.768,1000,1000,1000000,-1766.76,1000
1PC,CPU,143,1.765,1000,1000,1000000,-1766.76,1000
1PC,CPU,144,1.766,1000,1000,1000000,-1766.76,1000
1PC,CPU,145,1.767,1000,1000,1000000,-1766.76,1000
1PC,CPU,146,1.766,1000,1000,1000000,-1766.76,1000
1PC,CPU,147,1.767,1000,1000,1000000,-1766.76,1000
1PC,CPU,148,1.766,1000,1000,1000000,-1766.76,1000
1PC,CPU,149,1.762,1000,1000,1000000,-1766.76,1000
1PC,CPU,150,1.764,1000,1000,1000000,-1766.76,1000
1PC,CPU,151,1.769,1000,1000,1000000,-1766.76,1000
1PC,CPU,152,1.766,1000,1000,1000000,-1766.76,1000
1PC,CPU,153,1.763,1000,1000,1000000,-1766.76,1000
1PC,CPU,154,1.763,1000,1000,1000000,-1766.76,1000
1PC,CPU,155,1.768,1000,1000,1000000,-1766.76,1000
1PC,CPU,156,1.764,1000,1000,1000000,-1766.76,1000
1PC,CPU,157,1.769,1000,1000,1000000,-1766.76,1000
1PC,CPU,158,1.765,1000,1000,1000000,-1766.76,1000
1PC,CPU,159,1.769,1000,1000,1000000,-1766.76,1000
1PC,CPU,160,1.763,1000,1000,1000000,-1766.76,1000
1PC,CPU,161,1.763,1000,1000,1000000,-1766.76,1000
1PC,CPU,162,1.768,1000,1000,1000000,-1766.76,1000
1PC,CPU,163,1.764,1000,1000,1000000,-1766.76,1000
1PC,CPU,164,1.762,1000,1000,1000000,-1766.76,1000
1PC,CPU,165,1.765,1000,1000,1000000,-1766.76,1000
1PC,CPU,166,1.765,1000,1000,1000000,-1766.76,1000
1PC,CPU,167,1.765,1000,1000,1000000,-1766.76,1000
1PC,CPU,168,1.764,1000,1000,1000000,-1766.76,1000
1PC,CPU,169,1.766,1000,1000,1000000,-1766.76,1000
1PC,CPU,170,1.764,1000,1000,1000000,-1766.76,1000
1PC,CPU,171,1.764,1000,1000,1000000,-1766.76,1000
1PC,CPU,172,1.766,1000,1000,1000000,-1766.76,1000
1PC,CPU,173,1.762,1000,1000,1000000,-1766.76,1000
1PC,CPU,174,1.764,1000,1000,1000000,-1766.76,1000
1PC,CPU,175,1.767,1000,1000,1000000,-1766.76,1000
1PC,CPU,176,1.765,1000,1000,1000000,-1766.76,1000
1PC,CPU,177,1.768,1000,1000,1000000,-1766.76,1000
1PC,CPU,178,1.766,1000,1000,1000000,-1766.76,1000
1PC,CPU,179,1.767,1000,1000,1000000,-1766.76,1000
1PC,CPU,180,1.764,1000,1000,1000000,-1766.76,1000
1PC,CPU,181,1.765,1000,1000,1000000,-1766.76,1000
1PC,CPU,182,1.764,1000,1000,1000000,-1766.76,1000
1PC,CPU,183,1.767,1000,1000,1000000,-1766.76,1000
1PC,CPU,184,1.766,1000,1000,1000000,-1766.76,1000
1PC,CPU,185,1.765,1000,1000,1000000,-1766.76,1000
1PC,CPU,186,1.763,1000,1000,1000000,-1766.76,1000
1PC,CPU,187,1.763,1000,1000,1000000,-1766.76,1000
1PC,CPU,188,1.766,1000,1000,1000000,-1766.76,1000
1PC,CPU,189,1.764,1000,1000,1000000,-1766.76,1000
1PC,CPU,190,1.771,1000,1000,1000000,-1766.76,1000
1PC,CPU,191,1.762,1000,1000,1000000,-1766.76,1000
1PC,CPU,192,1.763,1000,1000,1000000,-1766.76,1000
1PC,CPU,193,1.765,1000,1000,1000000,-1766.76,1000
1PC,CPU,194,1.769,1000,1000,1000000,-1766.76,1000
1PC,CPU,195,1.763,1000,1000,1000000,-1766.76,1000
1PC,CPU,196,1.771,1000,1000,1000000,-1766.76,1000
1PC,CPU,197,1.771,1000,1000,1000000,-1766.76,1000
1PC,CPU,198,1.766,1000,1000,1000000,-1766.76,1000
1PC,CPU,199,1.761,1000,1000,1000000,-1766.76,1000
1PC,CPU,200,1.769,1000,1000,1000000,-1766.76,1000
1PC,CPU,201,1.766,1000,1000,1000000,-1766.76,1000
1PC,CPU,202,1.763,1000,1000,1000000,-1766.76,1000
1PC,CPU,203,1.769,1000,1000,1000000,-1766.76,1000
1PC,CPU,204,1.768,1000,1000,1000000,-1766.76,1000
1PC,CPU,205,1.762,1000,1000,1000000,-1766.76,1000
1PC,CPU,206,1.764,1000,1000,1000000,-1766.76,1000
1PC,CPU,207,1.771,1000,1000,1000000,-1766.76,1000
1PC,CPU,208,1.764,1000,1000,1000000,-1766.76,1000
1PC,CPU,209,1.764,1000,1000,1000000,-1766.76,1000
1PC,CPU,210,1.773,1000,1000,1000000,-1766.76,1000
1PC,CPU,211,1.768,1000,1000,1000000,-1766.76,1000
1PC,CPU,212,1.767,1000,1000,1000000,-1766.76,1000
1PC,CPU,213,1.766,1000,1000,1000000,-1766.76,1000
1PC,CPU,214,1.769,1000,1000,1000000,-1766.76,1000
1PC,CPU,215,1.763,1000,1000,1000000,-1766.76,1000
1PC,CPU,216,1.767,1000,1000,1000000,-1766.76,1000
1PC,CPU,217,1.77,1000,1000,1000000,-1766.76,1000
1PC,CPU,218,1.767,1000,1000,1000000,-1766.76,1000
1PC,CPU,219,1.764,1000,1000,1000000,-1766.76,1000
1PC,CPU,220,1.767,1000,1000,1000000,-1766.76,1000
1PC,CPU,221,1.771,1000,1000,1000000,-1766.76,1000
1PC,CPU,222,1.763,1000,1000,1000000,-1766.76,1000
1PC,CPU,223,1.768,1000,1000,1000000,-1766.76,1000
1PC,CPU,224,1.771,1000,1000,1000000,-1766.76,1000
1PC,CPU,225,1.767,1000,1000,1000000,-1766.76,1000
1PC,CPU,226,1.76,1000,1000,1000000,-1766.76,1000
1PC,CPU,227,1.769,1000,1000,1000000,-1766.76,1000
1PC,CPU,228,1.766,1000,1000,1000000,-1766.76,1000
1PC,CPU,229,1.762,1000,1000,1000000,-1766.76,1000
1PC,CPU,230,1.767,1000,1000,1000000,-1766.76,1000
1PC,CPU,231,1.77,1000,1000,1000000,-1766.76,1000
1PC,CPU,232,1.766,1000,1000,1000000,-1766.76,1000
1PC,CPU,233,1.766,1000,1000,1000000,-1766.76,1000
1PC,CPU,234,1.768,1000,1000,1000000,-1766.76,1000
1PC,CPU,235,1.76,1000,1000,1000000,-1766.76,1000
1PC,CPU,236,1.766,1000,1000,1000000,-1766.76,1000
1PC,CPU,237,1.764,1000,1000,1000000,-1766.76,1000
1PC,CPU,238,1.767,1000,1000,1000000,-1766.76,1000
1PC,CPU,239,1.763,1000,1000,1000000,-1766.76,1000
1PC,CPU,240,1.766,1000,1000,1000000,-1766.76,1000
1PC,CPU,241,1.769,1000,1000,1000000,-1766.76,1000
1PC,CPU,242,1.762,1000,1000,1000000,-1766.76,1000
1PC,CPU,243,1.915,1000,1000,1000000,-1766.76,1000
1PC,CPU,244,1.834,1000,1000,1000000,-1766.76,1000
1PC,CPU,245,1.795,1000,1000,1000000,-1766.76,1000
1PC,CPU,246,1.778,1000,1000,1000000,-1766.76,1000
1PC,CPU,247,1.787,1000,1000,1000000,-1766.76,1000
1PC,CPU,248,1.775,1000,1000,1000000,-1766.76,1000
1PC,CPU,249,1.763,1000,1000,1000000,-1766.76,1000
1PC,CPU,250,1.763,1000,1000,1000000,-1766.76,1000
1PC,CPU,251,1.768,1000,1000,1000000,-1766.76,1000
1PC,CPU,252,1.768,1000,1000,1000000,-1766.76,1000
1PC,CPU,253,1.762,1000,1000,1000000,-1766.76,1000
1PC,CPU,254,1.768,1000,1000,1000000,-1766.76,1000
1PC,CPU,255,1.768,1000,1000,1000000,-1766.76,1000
1PC,CPU,256,1.765,1000,1000,1000000,-1766.76,1000
1PC,CPU,257,1.762,1000,1000,1000000,-1766.76,1000
1PC,CPU,258,1.764,1000,1000,1000000,-1766.76,1000
1PC,CPU,259,1.763,1000,1000,1000000,-1766.76,1000
1PC,CPU,260,1.768,1000,1000,1000000,-1766.76,1000
1PC,CPU,261,1.762,1000,1000,1000000,-1766.76,1000
1PC,CPU,262,1.77,1000,1000,1000000,-1766.76,1000
1PC,CPU,263,1.763,1000,1000,1000000,-1766.76,1000
1PC,CPU,264,1.762,1000,1000,1000000,-1766.76,1000
1PC,CPU,265,1.766,1000,1000,1000000,-1766.76,1000
1PC,CPU,266,1.766,1000,1000,1000000,-1766.76,1000
1PC,CPU,267,1.765,1000,1000,1000000,-1766.76,1000
1PC,CPU,268,1.764,1000,1000,1000000,-1766.76,1000
1PC,CPU,269,1.767,1000,1000,1000000,-1766.76,1000
1PC,CPU,270,1.764,1000,1000,1000000,-1766.76,1000
1PC,CPU,271,1.767,1000,1000,1000000,-1766.76,1000
1PC,CPU,272,1.769,1000,1000,1000000,-1766.76,1000
1PC,CPU,273,1.764,1000,1000,1000000,-1766.76,1000
1PC,CPU,274,1.765,1000,1000,1000000,-1766.76,1000
1PC,CPU,275,1.769,1000,1000,1000000,-1766.76,1000
1PC,CPU,276,1.777,1000,1000,1000000,-1766.76,1000
1PC,CPU,277,1.774,1000,1000,1000000,-1766.76,1000
1PC,CPU,278,1.778,1000,1000,1000000,-1766.76,1000
1PC,CPU,279,1.772,1000,1000,1000000,-1766.76,1000
1PC,CPU,280,1.767,1000,1000,1000000,-1766.76,1000
1PC,CPU,281,1.762,1000,1000,1000000,-1766.76,1000
1PC,CPU,282,1.762,1000,1000,1000000,-1766.76,1000
1PC,CPU,283,1.765,1000,1000,1000000,-1766.76,1000
1PC,CPU,284,1.766,1000,1000,1000000,-1766.76,1000
1PC,CPU,285,1.773,1000,1000,1000000,-1766.76,1000
1PC,CPU,286,1.771,1000,1000,1000000,-1766.76,1000
1PC,CPU,287,1.765,1000,1000,1000000,-1766.76,1000
1PC,CPU,288,1.766,1000,1000,1000000,-1766.76,1000
1PC,CPU,289,1.766,1000,1000,1000000,-1766.76,1000
1PC,CPU,290,1.766,1000,1000,1000000,-1766.76,1000
1PC,CPU,291,1.761,1000,1000,1000000,-1766.76,1000
1PC,CPU,292,1.764,1000,1000,1000000,-1766.76,1000
1PC,CPU,293,1.769,1000,1000,1000000,-1766.76,1000
1PC,CPU,294,1.763,1000,1000,1000000,-1766.76,1000
1PC,CPU,295,1.764,1000,1000,1000000,-1766.76,1000
1PC,CPU,296,1.771,1000,1000,1000000,-1766.76,1000
1PC,CPU,297,1.762,1000,1000,1000000,-1766.76,1000
1PC,CPU,298,1.761,1000,1000,1000000,-1766.76,1000
1PC,CPU,299,1.761,1000,1000,1000000,-1766.76,1000
1PC,CPU,300,1.761,1000,1000,1000000,-1766.76,1000
1PC,CPU,301,1.767,1000,1000,1000000,-1766.76,1000
1PC,CPU,302,1.764,1000,1000,1000000,-1766.76,1000
1PC,CPU,303,1.767,1000,1000,1000000,-1766.76,1000
1PC,CPU,304,1.764,1000,1000,1000000,-1766.76,1000
1PC,CPU,305,1.768,1000,1000,1000000,-1766.76,1000
1PC,CPU,306,1.764,1000,1000,1000000,-1766.76,1000
1PC,CPU,307,1.784,1000,1000,1000000,-1766.76,1000
1PC,CPU,308,1.768,1000,1000,1000000,-1766.76,1000
1PC,CPU,309,1.766,1000,1000,1000000,-1766.76,1000
1PC,CPU,310,1.767,1000,1000,1000000,-1766.76,1000
1PC,CPU,311,1.767,1000,1000,1000000,-1766.76,1000
1PC,CPU,312,1.768,1000,1000,1000000,-1766.76,1000
1PC,CPU,313,1.762,1000,1000,1000000,-1766.76,1000
1PC,CPU,314,1.769,1000,1000,1000000,-1766.76,1000
1PC,CPU,315,1.765,1000,1000,1000000,-1766.76,1000
1PC,CPU,316,1.764,1000,1000,1000000,-1766.76,1000
1PC,CPU,317,1.77,1000,1000,1000000,-1766.76,1000
1PC,CPU,318,1.765,1000,1000,1000000,-1766.76,1000
1PC,CPU,319,1.762,1000,1000,1000000,-1766.76,1000
1PC,CPU,320,1.768,1000,1000,1000000,-1766.76,1000
1PC,CPU,321,1.771,1000,1000,1000000,-1766.76,1000
1PC,CPU,322,1.768,1000,1000,1000000,-1766.76,1000
1PC,CPU,323,1.765,1000,1000,1000000,-1766.76,1000
1PC,CPU,324,1.773,1000,1000,1000000,-1766.76,1000
1PC,CPU,325,1.766,1000,1000,1000000,-1766.76,1000
1PC,CPU,326,1.762,1000,1000,1000000,-1766.76,1000
1PC,CPU,327,1.767,1000,1000,1000000,-1766.76,1000
1PC,CPU,328,1.763,1000,1000,1000000,-1766.76,1000
1PC,CPU,329,1.763,1000,1000,1000000,-1766.76,1000
1PC,CPU,330,1.763,1000,1000,1000000,-1766.76,1000
1PC,CPU,331,1.766,1000,1000,1000000,-1766.76,1000
1PC,CPU,332,1.765,1000,1000,1000000,-1766.76,1000
1PC,CPU,333,1.766,1000,1000,1000000,-1766.76,1000
1PC,CPU,334,1.768,1000,1000,1000000,-1766.76,1000
1PC,CPU,335,1.76,1000,1000,1000000,-1766.76,1000
1PC,CPU,336,1.766,1000,1000,1000000,-1766.76,1000
1PC,CPU,337,1.765,1000,1000,1000000,-1766.76,1000
1PC,CPU,338,1.766,1000,1000,1000000,-1766.76,1000
1PC,CPU,339,1.76,1000,1000,1000000,-1766.76,1000
1PC,CPU,340,1.768,1000,1000,1000000,-1766.76,1000
1PC,CPU,341,1.768,1000,1000,1000000,-1766.76,1000
1PC,CPU,342,1.766,1000,1000,1000000,-1766.76,1000
1PC,CPU,343,1.764,1000,1000,1000000,-1766.76,1000
1PC,CPU,344,1.764,1000,1000,1000000,-1766.76,1000
1PC,CPU,345,1.766,1000,1000,1000000,-1766.76,1000
1PC,CPU,346,1.764,1000,1000,1000000,-1766.76,1000
1PC,CPU,347,1.766,1000,1000,1000000,-1766.76,1000
1PC,CPU,348,1.772,1000,1000,1000000,-1766.76,1000
1PC,CPU,349,1.767,1000,1000,1000000,-1766.76,1000
1PC,CPU,350,1.764,1000,1000,1000000,-1766.76,1000
1PC,CPU,351,1.763,1000,1000,1000000,-1766.76,1000
1PC,CPU,352,1.771,1000,1000,1000000,-1766.76,1000
1PC,CPU,353,1.766,1000,1000,1000000,-1766.76,1000
1PC,CPU,354,1.765,1000,1000,1000000,-1766.76,1000
1PC,CPU,355,1.768,1000,1000,1000000,-1766.76,1000
1PC,CPU,356,1.761,1000,1000,1000000,-1766.76,1000
1PC,CPU,357,1.761,1000,1000,1000000,-1766.76,1000
1PC,CPU,358,1.764,1000,1000,1000000,-1766.76,1000
1PC,CPU,359,1.766,1000,1000,1000000,-1766.76,1000
1PC,CPU,360,1.766,1000,1000,1000000,-1766.76,1000
1PC,CPU,361,1.769,1000,1000,1000000,-1766.76,1000
1PC,CPU,362,1.768,1000,1000,1000000,-1766.76,1000
1PC,CPU,363,1.764,1000,1000,1000000,-1766.76,1000
1PC,CPU,364,1.769,1000,1000,1000000,-1766.76,1000
1PC,CPU,365,1.766,1000,1000,1000000,-1766.76,1000
1PC,CPU,366,1.765,1000,1000,1000000,-1766.76,1000
1PC,CPU,367,1.765,1000,1000,1000000,-1766.76,1000
1PC,CPU,368,1.762,1000,1000,1000000,-1766.76,1000
1PC,CPU,369,1.765,1000,1000,1000000,-1766.76,1000
1PC,CPU,370,1.764,1000,1000,1000000,-1766.76,1000
1PC,CPU,371,1.768,1000,1000,1000000,-1766.76,1000
1PC,CPU,372,1.767,1000,1000,1000000,-1766.76,1000
1PC,CPU,373,1.762,1000,1000,1000000,-1766.76,1000
1PC,CPU,374,1.76,1000,1000,1000000,-1766.76,1000
1PC,CPU,375,1.765,1000,1000,1000000,-1766.76,1000
1PC,CPU,376,1.772,1000,1000,1000000,-1766.76,1000
1PC,CPU,377,1.762,1000,1000,1000000,-1766.76,1000
1PC,CPU,378,1.762,1000,1000,1000000,-1766.76,1000
1PC,CPU,379,1.772,1000,1000,1000000,-1766.76,1000
1PC,CPU,380,1.764,1000,1000,1000000,-1766.76,1000
1PC,CPU,381,1.763,1000,1000,1000000,-1766.76,1000
1PC,CPU,382,1.763,1000,1000,1000000,-1766.76,1000
1PC,CPU,383,1.768,1000,1000,1000000,-1766.76,1000
1PC,CPU,384,1.765,1000,1000,1000000,-1766.76,1000
1PC,CPU,385,1.764,1000,1000,1000000,-1766.76,1000
1PC,CPU,386,1.77,1000,1000,1000000,-1766.76,1000
1PC,CPU,387,1.762,1000,1000,1000000,-1766.76,1000
1PC,CPU,388,1.764,1000,1000,1000000,-1766.76,1000
1PC,CPU,389,1.764,1000,1000,1000000,-1766.76,1000
1PC,CPU,390,1.769,1000,1000,1000000,-1766.76,1000
1PC,CPU,391,1.763,1000,1000,1000000,-1766.76,1000
1PC,CPU,392,1.765,1000,1000,1000000,-1766.76,1000
1PC,CPU,393,1.769,1000,1000,1000000,-1766.76,1000
1PC,CPU,394,1.763,1000,1000,1000000,-1766.76,1000
1PC,CPU,395,1.766,1000,1000,1000000,-1766.76,1000
1PC,CPU,396,1.766,1000,1000,1000000,-1766.76,1000
1PC,CPU,397,1.762,1000,1000,1000000,-1766.76,1000
1PC,CPU,398,1.763,1000,1000,1000000,-1766.76,1000
1PC,CPU,399,1.767,1000,1000,1000000,-1766.76,1000
1PC,CPU,400,1.768,1000,1000,1000000,-1766.76,1000
1PC,CPU,401,1.766,1000,1000,1000000,-1766.76,1000
1PC,CPU,402,1.76,1000,1000,1000000,-1766.76,1000
1PC,CPU,403,1.764,1000,1000,1000000,-1766.76,1000
1PC,CPU,404,1.77,1000,1000,1000000,-1766.76,1000
1PC,CPU,405,1.764,1000,1000,1000000,-1766.76,1000
1PC,CPU,406,1.76,1000,1000,1000000,-1766.76,1000
1PC,CPU,407,1.764,1000,1000,1000000,-1766.76,1000
1PC,CPU,408,1.765,1000,1000,1000000,-1766.76,1000
1PC,CPU,409,1.761,1000,1000,1000000,-1766.76,1000
1PC,CPU,410,1.77,1000,1000,1000000,-1766.76,1000
1PC,CPU,411,1.764,1000,1000,1000000,-1766.76,1000
1PC,CPU,412,1.762,1000,1000,1000000,-1766.76,1000
1PC,CPU,413,1.771,1000,1000,1000000,-1766.76,1000
1PC,CPU,414,1.773,1000,1000,1000000,-1766.76,1000
1PC,CPU,415,1.764,1000,1000,1000000,-1766.76,1000
1PC,CPU,416,1.762,1000,1000,1000000,-1766.76,1000
1PC,CPU,417,1.772,1000,1000,1000000,-1766.76,1000
1PC,CPU,418,1.764,1000,1000,1000000,-1766.76,1000
1PC,CPU,419,1.766,1000,1000,1000000,-1766.76,1000
1PC,CPU,420,1.769,1000,1000,1000000,-1766.76,1000
1PC,CPU,421,1.768,1000,1000,1000000,-1766.76,1000
1PC,CPU,422,1.762,1000,1000,1000000,-1766.76,1000
1PC,CPU,423,1.764,1000,1000,1000000,-1766.76,1000
1PC,CPU,424,1.767,1000,1000,1000000,-1766.76,1000
1PC,CPU,425,1.762,1000,1000,1000000,-1766.76,1000
1PC,CPU,426,1.766,1000,1000,1000000,-1766.76,1000
1PC,CPU,427,1.766,1000,1000,1000000,-1766.76,1000
1PC,CPU,428,1.767,1000,1000,1000000,-1766.76,1000
1PC,CPU,429,1.766,1000,1000,1000000,-1766.76,1000
1PC,CPU,430,1.764,1000,1000,1000000,-1766.76,1000
1PC,CPU,431,1.766,1000,1000,1000000,-1766.76,1000
1PC,CPU,432,1.765,1000,1000,1000000,-1766.76,1000
1PC,CPU,433,1.766,1000,1000,1000000,-1766.76,1000
1PC,CPU,434,1.763,1000,1000,1000000,-1766.76,1000
1PC,CPU,435,1.767,1000,1000,1000000,-1766.76,1000
1PC,CPU,436,1.765,1000,1000,1000000,-1766.76,1000
1PC,CPU,437,1.765,1000,1000,1000000,-1766.76,1000
1PC,CPU,438,1.77,1000,1000,1000000,-1766.76,1000
1PC,CPU,439,1.767,1000,1000,1000000,-1766.76,1000
1PC,CPU,440,1.763,1000,1000,1000000,-1766.76,1000
1PC,CPU,441,1.772,1000,1000,1000000,-1766.76,1000
1PC,CPU,442,1.764,1000,1000,1000000,-1766.76,1000
1PC,CPU,443,1.765,1000,1000,1000000,-1766.76,1000
1PC,CPU,444,1.763,1000,1000,1000000,-1766.76,1000
1PC,CPU,445,1.771,1000,1000,1000000,-1766.76,1000
1PC,CPU,446,1.764,1000,1000,1000000,-1766.76,1000
1PC,CPU,447,1.766,1000,1000,1000000,-1766.76,1000
1PC,CPU,448,1.768,1000,1000,1000000,-1766.76,1000
1PC,CPU,449,1.766,1000,1000,1000000,-1766.76,1000
1PC,CPU,450,1.763,1000,1000,1000000,-1766.76,1000
1PC,CPU,451,1.767,1000,1000,1000000,-1766.76,1000
1PC,CPU,452,1.768,1000,1000,1000000,-1766.76,1000
1PC,CPU,453,1.761,1000,1000,1000000,-1766.76,1000
1PC,CPU,454,1.775,1000,1000,1000000,-1766.76,1000
1PC,CPU,455,1.772,1000,1000,1000000,-1766.76,1000
1PC,CPU,456,1.763,1000,1000,1000000,-1766.76,1000
1PC,CPU,457,1.765,1000,1000,1000000,-1766.76,1000
1PC,CPU,458,1.763,1000,1000,1000000,-1766.76,1000
1PC,CPU,459,1.761,1000,1000,1000000,-1766.76,1000
1PC,CPU,460,1.76,1000,1000,1000000,-1766.76,1000
1PC,CPU,461,1.77,1000,1000,1000000,-1766.76,1000
1PC,CPU,462,1.767,1000,1000,1000000,-1766.76,1000
1PC,CPU,463,1.766,1000,1000,1000000,-1766.76,1000
1PC,CPU,464,1.763,1000,1000,1000000,-1766.76,1000
1PC,CPU,465,1.761,1000,1000,1000000,-1766.76,1000
1PC,CPU,466,1.773,1000,1000,1000000,-1766.76,1000
1PC,CPU,467,1.764,1000,1000,1000000,-1766.76,1000
1PC,CPU,468,1.762,1000,1000,1000000,-1766.76,1000
1PC,CPU,469,1.766,1000,1000,1000000,-1766.76,1000
1PC,CPU,470,1.767,1000,1000,1000000,-1766.76,1000
1PC,CPU,471,1.763,1000,1000,1000000,-1766.76,1000
1PC,CPU,472,1.765,1000,1000,1000000,-1766.76,1000
1PC,CPU,473,1.767,1000,1000,1000000,-1766.76,1000
1PC,CPU,474,1.763,1000,1000,1000000,-1766.76,1000
1PC,CPU,475,1.76,1000,1000,1000000,-1766.76,1000
1PC,CPU,476,1.77,1000,1000,1000000,-1766.76,1000
1PC,CPU,477,1.767,1000,1000,1000000,-1766.76,1000
1PC,CPU,478,1.765,1000,1000,1000000,-1766.76,1000
1PC,CPU,479,1.771,1000,1000,1000000,-1766.76,1000
1PC,CPU,480,1.765,1000,1000,1000000,-1766.76,1000
1PC,CPU,481,1.763,1000,1000,1000000,-1766.76,1000
1PC,CPU,482,1.764,1000,1000,1000000,-1766.76,1000
1PC,CPU,483,1.769,1000,1000,1000000,-1766.76,1000
1PC,CPU,484,1.765,1000,1000,1000000,-1766.76,1000
1PC,CPU,485,1.764,1000,1000,1000000,-1766.76,1000
1PC,CPU,486,1.765,1000,1000,1000000,-1766.76,1000
1PC,CPU,487,1.759,1000,1000,1000000,-1766.76,1000
1PC,CPU,488,1.773,1000,1000,1000000,-1766.76,1000
1PC,CPU,489,1.77,1000,1000,1000000,-1766.76,1000
1PC,CPU,490,1.769,1000,1000,1000000,-1766.76,1000
1PC,CPU,491,1.766,1000,1000,1000000,-1766.76,1000
1PC,CPU,492,1.766,1000,1000,1000000,-1766.76,1000
1PC,CPU,493,1.767,1000,1000,1000000,-1766.76,1000
1PC,CPU,494,1.764,1000,1000,1000000,-1766.76,1000
1PC,CPU,495,1.766,1000,1000,1000000,-1766.76,1000
1PC,CPU,496,1.763,1000,1000,1000000,-1766.76,1000
1PC,CPU,497,1.769,1000,1000,1000000,-1766.76,1000
1PC,CPU,498,1.766,1000,1000,1000000,-1766.76,1000
1PC,CPU,499,1.761,1000,1000,1000000,-1766.76,1000
1PC,CPU,500,1.767,1000,1000,1000000,-1766.76,1000
1PC,CPU,501,1.766,1000,1000,1000000,-1766.76,1000
1PC,CPU,502,1.765,1000,1000,1000000,-1766.76,1000
1PC,CPU,503,1.765,1000,1000,1000000,-1766.76,1000
1PC,CPU,504,1.765,1000,1000,1000000,-1766.76,1000
1PC,CPU,505,1.766,1000,1000,1000000,-1766.76,1000
1PC,CPU,506,1.764,1000,1000,1000000,-1766.76,1000
1PC,CPU,507,1.772,1000,1000,1000000,-1766.76,1000
1PC,CPU,508,1.785,1000,1000,1000000,-1766.76,1000
1PC,CPU,509,1.819,1000,1000,1000000,-1766.76,1000
1PC,CPU,510,1.766,1000,1000,1000000,-1766.76,1000
1PC,CPU,511,1.767,1000,1000,1000000,-1766.76,1000
1PC,CPU,512,1.766,1000,1000,1000000,-1766.76,1000
1PC,CPU,513,1.762,1000,1000,1000000,-1766.76,1000
1PC,CPU,514,1.771,1000,1000,1000000,-1766.76,1000
1PC,CPU,515,1.766,1000,1000,1000000,-1766.76,1000
1PC,CPU,516,1.766,1000,1000,1000000,-1766.76,1000
1PC,CPU,517,1.779,1000,1000,1000000,-1766.76,1000
1PC,CPU,518,1.773,1000,1000,1000000,-1766.76,1000
1PC,CPU,519,1.762,1000,1000,1000000,-1766.76,1000
1PC,CPU,520,1.764,1000,1000,1000000,-1766.76,1000
1PC,CPU,521,1.769,1000,1000,1000000,-1766.76,1000
1PC,CPU,522,1.779,1000,1000,1000000,-1766.76,1000
1PC,CPU,523,1.765,1000,1000,1000000,-1766.76,1000
1PC,CPU,524,1.764,1000,1000,1000000,-1766.76,1000
1PC,CPU,525,1.765,1000,1000,1000000,-1766.76,1000
1PC,CPU,526,1.764,1000,1000,1000000,-1766.76,1000
1PC,CPU,527,1.761,1000,1000,1000000,-1766.76,1000
1PC,CPU,528,1.766,1000,1000,1000000,-1766.76,1000
1PC,CPU,529,1.764,1000,1000,1000000,-1766.76,1000
1PC,CPU,530,1.763,1000,1000,1000000,-1766.76,1000
1PC,CPU,531,1.77,1000,1000,1000000,-1766.76,1000
1PC,CPU,532,1.766,1000,1000,1000000,-1766.76,1000
1PC,CPU,533,1.765,1000,1000,1000000,-1766.76,1000
1PC,CPU,534,1.765,1000,1000,1000000,-1766.76,1000
1PC,CPU,535,1.765,1000,1000,1000000,-1766.76,1000
1PC,CPU,536,1.765,1000,1000,1000000,-1766.76,1000
1PC,CPU,537,1.765,1000,1000,1000000,-1766.76,1000
1PC,CPU,538,1.767,1000,1000,1000000,-1766.76,1000
1PC,CPU,539,1.762,1000,1000,1000000,-1766.76,1000
1PC,CPU,540,1.763,1000,1000,1000000,-1766.76,1000
1PC,CPU,541,1.766,1000,1000,1000000,-1766.76,1000
1PC,CPU,542,1.781,1000,1000,1000000,-1766.76,1000
1PC,CPU,543,1.763,1000,1000,1000000,-1766.76,1000
1PC,CPU,544,1.763,1000,1000,1000000,-1766.76,1000
1PC,CPU,545,1.769,1000,1000,1000000,-1766.76,1000
1PC,CPU,546,1.764,1000,1000,1000000,-1766.76,1000
1PC,CPU,547,1.762,1000,1000,1000000,-1766.76,1000
1PC,CPU,548,1.766,1000,1000,1000000,-1766.76,1000
1PC,CPU,549,1.768,1000,1000,1000000,-1766.76,1000
1PC,CPU,550,1.766,1000,1000,1000000,-1766.76,1000
1PC,CPU,551,1.765,1000,1000,1000000,-1766.76,1000
1PC,CPU,552,1.765,1000,1000,1000000,-1766.76,1000
1PC,CPU,553,1.759,1000,1000,1000000,-1766.76,1000
1PC,CPU,554,1.759,1000,1000,1000000,-1766.76,1000
1PC,CPU,555,1.768,1000,1000,1000000,-1766.76,1000
1PC,CPU,556,1.765,1000,1000,1000000,-1766.76,1000
1PC,CPU,557,1.764,1000,1000,1000000,-1766.76,1000
1PC,CPU,558,1.759,1000,1000,1000000,-1766.76,1000
1PC,CPU,559,1.767,1000,1000,1000000,-1766.76,1000
1PC,CPU,560,1.762,1000,1000,1000000,-1766.76,1000
1PC,CPU,561,1.764,1000,1000,1000000,-1766.76,1000
1PC,CPU,562,1.767,1000,1000,1000000,-1766.76,1000
1PC,CPU,563,1.764,1000,1000,1000000,-1766.76,1000
1PC,CPU,564,1.761,1000,1000,1000000,-1766.76,1000
1PC,CPU,565,1.763,1000,1000,1000000,-1766.76,1000
1PC,CPU,566,1.766,1000,1000,1000000,-1766.76,1000
1PC,CPU,567,1.759,1000,1000,1000000,-1766.76,1000
1PC,CPU,568,1.764,1000,1000,1000000,-1766.76,1000
1PC,CPU,569,1.77,1000,1000,1000000,-1766.76,1000
1PC,CPU,570,1.761,1000,1000,1000000,-1766.76,1000
1PC,CPU,571,1.764,1000,1000,1000000,-1766.76,1000
1PC,CPU,572,1.764,1000,1000,1000000,-1766.76,1000
1PC,CPU,573,1.768,1000,1000,1000000,-1766.76,1000
1PC,CPU,574,1.766,1000,1000,1000000,-1766.76,1000
1PC,CPU,575,1.765,1000,1000,1000000,-1766.76,1000
1PC,CPU,576,1.764,1000,1000,1000000,-1766.76,1000
1PC,CPU,577,1.766,1000,1000,1000000,-1766.76,1000
1PC,CPU,578,1.763,1000,1000,1000000,-1766.76,1000
1PC,CPU,579,1.761,1000,1000,1000000,-1766.76,1000
1PC,CPU,580,1.768,1000,1000,1000000,-1766.76,1000
1PC,CPU,581,1.764,1000,1000,1000000,-1766.76,1000
1PC,CPU,582,1.765,1000,1000,1000000,-1766.76,1000
1PC,CPU,583,1.769,1000,1000,1000000,-1766.76,1000
1PC,CPU,584,1.762,1000,1000,1000000,-1766.76,1000
1PC,CPU,585,1.766,1000,1000,1000000,-1766.76,1000
1PC,CPU,586,1.769,1000,1000,1000000,-1766.76,1000
1PC,CPU,587,1.767,1000,1000,1000000,-1766.76,1000
1PC,CPU,588,1.765,1000,1000,1000000,-1766.76,1000
1PC,CPU,589,1.764,1000,1000,1000000,-1766.76,1000
1PC,CPU,590,1.769,1000,1000,1000000,-1766.76,1000
1PC,CPU,591,1.761,1000,1000,1000000,-1766.76,1000
1PC,CPU,592,1.765,1000,1000,1000000,-1766.76,1000
1PC,CPU,593,1.769,1000,1000,1000000,-1766.76,1000
1PC,CPU,594,1.763,1000,1000,1000000,-1766.76,1000
1PC,CPU,595,1.764,1000,1000,1000000,-1766.76,1000
1PC,CPU,596,1.762,1000,1000,1000000,-1766.76,1000
1PC,CPU,597,1.766,1000,1000,1000000,-1766.76,1000
1PC,CPU,598,1.764,1000,1000,1000000,-1766.76,1000
1PC,CPU,599,1.762,1000,1000,1000000,-1766.76,1000
1PC,CPU,600,1.765,1000,1000,1000000,-1766.76,1000
1PC,CPU,601,1.767,1000,1000,1000000,-1766.76,1000
1PC,CPU,602,1.765,1000,1000,1000000,-1766.76,1000
1PC,CPU,603,1.763,1000,1000,1000000,-1766.76,1000
1PC,CPU,604,1.767,1000,1000,1000000,-1766.76,1000
1PC,CPU,605,1.766,1000,1000,1000000,-1766.76,1000
1PC,CPU,606,1.763,1000,1000,1000000,-1766.76,1000
1PC,CPU,607,1.77,1000,1000,1000000,-1766.76,1000
1PC,CPU,608,1.764,1000,1000,1000000,-1766.76,1000
1PC,CPU,609,1.764,1000,1000,1000000,-1766.76,1000
1PC,CPU,610,1.765,1000,1000,1000000,-1766.76,1000
1PC,CPU,611,1.768,1000,1000,1000000,-1766.76,1000
1PC,CPU,612,1.76,1000,1000,1000000,-1766.76,1000
1PC,CPU,613,1.767,1000,1000,1000000,-1766.76,1000
1PC,CPU,614,1.777,1000,1000,1000000,-1766.76,1000
1PC,CPU,615,1.766,1000,1000,1000000,-1766.76,1000
1PC,CPU,616,1.766,1000,1000,1000000,-1766.76,1000
1PC,CPU,617,1.768,1000,1000,1000000,-1766.76,1000
1PC,CPU,618,1.765,1000,1000,1000000,-1766.76,1000
1PC,CPU,619,1.766,1000,1000,1000000,-1766.76,1000
1PC,CPU,620,1.768,1000,1000,1000000,-1766.76,1000
1PC,CPU,621,1.767,1000,1000,1000000,-1766.76,1000
1PC,CPU,622,1.763,1000,1000,1000000,-1766.76,1000
1PC,CPU,623,1.765,1000,1000,1000000,-1766.76,1000
1PC,CPU,624,1.771,1000,1000,1000000,-1766.76,1000
1PC,CPU,625,1.769,1000,1000,1000000,-1766.76,1000
1PC,CPU,626,1.763,1000,1000,1000000,-1766.76,1000
1PC,CPU,627,1.761,1000,1000,1000000,-1766.76,1000
1PC,CPU,628,1.767,1000,1000,1000000,-1766.76,1000
1PC,CPU,629,1.766,1000,1000,1000000,-1766.76,1000
1PC,CPU,630,1.763,1000,1000,1000000,-1766.76,1000
1PC,CPU,631,1.768,1000,1000,1000000,-1766.76,1000
1PC,CPU,632,1.767,1000,1000,1000000,-1766.76,1000
1PC,CPU,633,1.763,1000,1000,1000000,-1766.76,1000
1PC,CPU,634,1.764,1000,1000,1000000,-1766.76,1000
1PC,CPU,635,1.767,1000,1000,1000000,-1766.76,1000
1PC,CPU,636,1.763,1000,1000,1000000,-1766.76,1000
1PC,CPU,637,1.762,1000,1000,1000000,-1766.76,1000
1PC,CPU,638,1.769,1000,1000,1000000,-1766.76,1000
1PC,CPU,639,1.765,1000,1000,1000000,-1766.76,1000
1PC,CPU,640,1.765,1000,1000,1000000,-1766.76,1000
1PC,CPU,641,1.766,1000,1000,1000000,-1766.76,1000
1PC,CPU,642,1.769,1000,1000,1000000,-1766.76,1000
1PC,CPU,643,1.763,1000,1000,1000000,-1766.76,1000
1PC,CPU,644,1.763,1000,1000,1000000,-1766.76,1000
1PC,CPU,645,1.772,1000,1000,1000000,-1766.76,1000
1PC,CPU,646,1.766,1000,1000,1000000,-1766.76,1000
1PC,CPU,647,1.765,1000,1000,1000000,-1766.76,1000
1PC,CPU,648,1.774,1000,1000,1000000,-1766.76,1000
1PC,CPU,649,1.772,1000,1000,1000000,-1766.76,1000
1PC,CPU,650,1.767,1000,1000,1000000,-1766.76,1000
1PC,CPU,651,1.77,1000,1000,1000000,-1766.76,1000
1PC,CPU,652,1.77,1000,1000,1000000,-1766.76,1000
1PC,CPU,653,1.766,1000,1000,1000000,-1766.76,1000
1PC,CPU,654,1.768,1000,1000,1000000,-1766.76,1000
1PC,CPU,655,1.768,1000,1000,1000000,-1766.76,1000
1PC,CPU,656,1.768,1000,1000,1000000,-1766.76,1000
1PC,CPU,657,1.765,1000,1000,1000000,-1766.76,1000
1PC,CPU,658,1.767,1000,1000,1000000,-1766.76,1000
1PC,CPU,659,1.766,1000,1000,1000000,-1766.76,1000
1PC,CPU,660,1.766,1000,1000,1000000,-1766.76,1000
1PC,CPU,661,1.766,1000,1000,1000000,-1766.76,1000
1PC,CPU,662,1.765,1000,1000,1000000,-1766.76,1000
1PC,CPU,663,1.765,1000,1000,1000000,-1766.76,1000
1PC,CPU,664,1.762,1000,1000,1000000,-1766.76,1000
1PC,CPU,665,1.765,1000,1000,1000000,-1766.76,1000
1PC,CPU,666,1.774,1000,1000,1000000,-1766.76,1000
1PC,CPU,667,1.764,1000,1000,1000000,-1766.76,1000
1PC,CPU,668,1.761,1000,1000,1000000,-1766.76,1000
1PC,CPU,669,1.769,1000,1000,1000000,-1766.76,1000
1PC,CPU,670,1.766,1000,1000,1000000,-1766.76,1000
1PC,CPU,671,1.76,1000,1000,1000000,-1766.76,1000
1PC,CPU,672,1.763,1000,1000,1000000,-1766.76,1000
1PC,CPU,673,1.77,1000,1000,1000000,-1766.76,1000
1PC,CPU,674,1.766,1000,1000,1000000,-1766.76,1000
1PC,CPU,675,1.764,1000,1000,1000000,-1766.76,1000
1PC,CPU,676,1.767,1000,1000,1000000,-1766.76,1000
1PC,CPU,677,1.763,1000,1000,1000000,-1766.76,1000
1PC,CPU,678,1.762,1000,1000,1000000,-1766.76,1000
1PC,CPU,679,1.764,1000,1000,1000000,-1766.76,1000
1PC,CPU,680,1.764,1000,1000,1000000,-1766.76,1000
1PC,CPU,681,1.762,1000,1000,1000000,-1766.76,1000
1PC,CPU,682,1.766,1000,1000,1000000,-1766.76,1000
1PC,CPU,683,1.769,1000,1000,1000000,-1766.76,1000
1PC,CPU,684,1.763,1000,1000,1000000,-1766.76,1000
1PC,CPU,685,1.764,1000,1000,1000000,-1766.76,1000
1PC,CPU,686,1.765,1000,1000,1000000,-1766.76,1000
1PC,CPU,687,1.769,1000,1000,1000000,-1766.76,1000
1PC,CPU,688,1.763,1000,1000,1000000,-1766.76,1000
1PC,CPU,689,1.766,1000,1000,1000000,-1766.76,1000
1PC,CPU,690,1.766,1000,1000,1000000,-1766.76,1000
1PC,CPU,691,1.764,1000,1000,1000000,-1766.76,1000
1PC,CPU,692,1.771,1000,1000,1000000,-1766.76,1000
1PC,CPU,693,1.763,1000,1000,1000000,-1766.76,1000
1PC,CPU,694,1.769,1000,1000,1000000,-1766.76,1000
1PC,CPU,695,1.763,1000,1000,1000000,-1766.76,1000
1PC,CPU,696,1.763,1000,1000,1000000,-1766.76,1000
1PC,CPU,697,1.772,1000,1000,1000000,-1766.76,1000
1PC,CPU,698,1.762,1000,1000,1000000,-1766.76,1000
1PC,CPU,699,1.763,1000,1000,1000000,-1766.76,1000
1PC,CPU,700,1.764,1000,1000,1000000,-1766.76,1000
1PC,CPU,701,1.769,1000,1000,1000000,-1766.76,1000
1PC,CPU,702,1.768,1000,1000,1000000,-1766.76,1000
1PC,CPU,703,1.767,1000,1000,1000000,-1766.76,1000
1PC,CPU,704,1.768,1000,1000,1000000,-1766.76,1000
1PC,CPU,705,1.764,1000,1000,1000000,-1766.76,1000
1PC,CPU,706,1.762,1000,1000,1000000,-1766.76,1000
1PC,CPU,707,1.769,1000,1000,1000000,-1766.76,1000
1PC,CPU,708,1.762,1000,1000,1000000,-1766.76,1000
1PC,CPU,709,1.758,1000,1000,1000000,-1766.76,1000
1PC,CPU,710,1.765,1000,1000,1000000,-1766.76,1000
1PC,CPU,711,1.769,1000,1000,1000000,-1766.76,1000
1PC,CPU,712,1.766,1000,1000,1000000,-1766.76,1000
1PC,CPU,713,1.765,1000,1000,1000000,-1766.76,1000
1PC,CPU,714,1.77,1000,1000,1000000,-1766.76,1000
1PC,CPU,715,1.763,1000,1000,1000000,-1766.76,1000
1PC,CPU,716,1.765,1000,1000,1000000,-1766.76,1000
1PC,CPU,717,1.766,1000,1000,1000000,-1766.76,1000
1PC,CPU,718,1.765,1000,1000,1000000,-1766.76,1000
1PC,CPU,719,1.768,1000,1000,1000000,-1766.76,1000
1PC,CPU,720,1.767,1000,1000,1000000,-1766.76,1000
1PC,CPU,721,1.765,1000,1000,1000000,-1766.76,1000
1PC,CPU,722,1.765,1000,1000,1000000,-1766.76,1000
1PC,CPU,723,1.767,1000,1000,1000000,-1766.76,1000
1PC,CPU,724,1.763,1000,1000,1000000,-1766.76,1000
1PC,CPU,725,1.768,1000,1000,1000000,-1766.76,1000
1PC,CPU,726,1.769,1000,1000,1000000,-1766.76,1000
1PC,CPU,727,1.766,1000,1000,1000000,-1766.76,1000
1PC,CPU,728,1.767,1000,1000,1000000,-1766.76,1000
1PC,CPU,729,1.759,1000,1000,1000000,-1766.76,1000
1PC,CPU,730,1.761,1000,1000,1000000,-1766.76,1000
1PC,CPU,731,1.767,1000,1000,1000000,-1766.76,1000
1PC,CPU,732,1.763,1000,1000,1000000,-1766.76,1000
1PC,CPU,733,1.765,1000,1000,1000000,-1766.76,1000
1PC,CPU,734,1.763,1000,1000,1000000,-1766.76,1000
1PC,CPU,735,1.772,1000,1000,1000000,-1766.76,1000
1PC,CPU,736,1.764,1000,1000,1000000,-1766.76,1000
1PC,CPU,737,1.761,1000,1000,1000000,-1766.76,1000
1PC,CPU,738,1.766,1000,1000,1000000,-1766.76,1000
1PC,CPU,739,1.761,1000,1000,1000000,-1766.76,1000
1PC,CPU,740,1.764,1000,1000,1000000,-1766.76,1000
1PC,CPU,741,1.765,1000,1000,1000000,-1766.76,1000
1PC,CPU,742,1.766,1000,1000,1000000,-1766.76,1000
1PC,CPU,743,1.763,1000,1000,1000000,-1766.76,1000
1PC,CPU,744,1.768,1000,1000,1000000,-1766.76,1000
1PC,CPU,745,1.771,1000,1000,1000000,-1766.76,1000
1PC,CPU,746,1.764,1000,1000,1000000,-1766.76,1000
1PC,CPU,747,1.766,1000,1000,1000000,-1766.76,1000
1PC,CPU,748,1.763,1000,1000,1000000,-1766.76,1000
1PC,CPU,749,1.766,1000,1000,1000000,-1766.76,1000
1PC,CPU,750,1.767,1000,1000,1000000,-1766.76,1000
1PC,CPU,751,1.766,1000,1000,1000000,-1766.76,1000
1PC,CPU,752,1.766,1000,1000,1000000,-1766.76,1000
1PC,CPU,753,1.765,1000,1000,1000000,-1766.76,1000
1PC,CPU,754,1.764,1000,1000,1000000,-1766.76,1000
1PC,CPU,755,1.762,1000,1000,1000000,-1766.76,1000
1PC,CPU,756,1.771,1000,1000,1000000,-1766.76,1000
1PC,CPU,757,1.763,1000,1000,1000000,-1766.76,1000
1PC,CPU,758,1.764,1000,1000,1000000,-1766.76,1000
1PC,CPU,759,1.77,1000,1000,1000000,-1766.76,1000
1PC,CPU,760,1.765,1000,1000,1000000,-1766.76,1000
1PC,CPU,761,1.763,1000,1000,1000000,-1766.76,1000
1PC,CPU,762,1.764,1000,1000,1000000,-1766.76,1000
1PC,CPU,763,1.771,1000,1000,1000000,-1766.76,1000
1PC,CPU,764,1.762,1000,1000,1000000,-1766.76,1000
1PC,CPU,765,1.764,1000,1000,1000000,-1766.76,1000
1PC,CPU,766,1.766,1000,1000,1000000,-1766.76,1000
1PC,CPU,767,1.811,1000,1000,1000000,-1766.76,1000
1PC,CPU,768,1.803,1000,1000,1000000,-1766.76,1000
1PC,CPU,769,1.772,1000,1000,1000000,-1766.76,1000
1PC,CPU,770,1.768,1000,1000,1000000,-1766.76,1000
1PC,CPU,771,1.775,1000,1000,1000000,-1766.76,1000
1PC,CPU,772,1.769,1000,1000,1000000,-1766.76,1000
1PC,CPU,773,1.77,1000,1000,1000000,-1766.76,1000
1PC,CPU,774,1.767,1000,1000,1000000,-1766.76,1000
1PC,CPU,775,1.761,1000,1000,1000000,-1766.76,1000
1PC,CPU,776,1.772,1000,1000,1000000,-1766.76,1000
1PC,CPU,777,1.767,1000,1000,1000000,-1766.76,1000
1PC,CPU,778,1.763,1000,1000,1000000,-1766.76,1000
1PC,CPU,779,1.762,1000,1000,1000000,-1766.76,1000
1PC,CPU,780,1.771,1000,1000,1000000,-1766.76,1000
1PC,CPU,781,1.763,1000,1000,1000000,-1766.76,1000
1PC,CPU,782,1.761,1000,1000,1000000,-1766.76,1000
1PC,CPU,783,1.77,1000,1000,1000000,-1766.76,1000
1PC,CPU,784,1.766,1000,1000,1000000,-1766.76,1000
1PC,CPU,785,1.764,1000,1000,1000000,-1766.76,1000
1PC,CPU,786,1.765,1000,1000,1000000,-1766.76,1000
1PC,CPU,787,1.77,1000,1000,1000000,-1766.76,1000
1PC,CPU,788,1.766,1000,1000,1000000,-1766.76,1000
1PC,CPU,789,1.763,1000,1000,1000000,-1766.76,1000
1PC,CPU,790,1.775,1000,1000,1000000,-1766.76,1000
1PC,CPU,791,1.763,1000,1000,1000000,-1766.76,1000
1PC,CPU,792,1.765,1000,1000,1000000,-1766.76,1000
1PC,CPU,793,1.763,1000,1000,1000000,-1766.76,1000
1PC,CPU,794,1.765,1000,1000,1000000,-1766.76,1000
1PC,CPU,795,1.768,1000,1000,1000000,-1766.76,1000
1PC,CPU,796,1.767,1000,1000,1000000,-1766.76,1000
1PC,CPU,797,1.771,1000,1000,1000000,-1766.76,1000
1PC,CPU,798,1.761,1000,1000,1000000,-1766.76,1000
1PC,CPU,799,1.765,1000,1000,1000000,-1766.76,1000
1PC,CPU,800,1.763,1000,1000,1000000,-1766.76,1000
1PC,CPU,801,1.771,1000,1000,1000000,-1766.76,1000
1PC,CPU,802,1.768,1000,1000,1000000,-1766.76,1000
1PC,CPU,803,1.764,1000,1000,1000000,-1766.76,1000
1PC,CPU,804,1.767,1000,1000,1000000,-1766.76,1000
1PC,CPU,805,1.765,1000,1000,1000000,-1766.76,1000
1PC,CPU,806,1.766,1000,1000,1000000,-1766.76,1000
1PC,CPU,807,1.766,1000,1000,1000000,-1766.76,1000
1PC,CPU,808,1.768,1000,1000,1000000,-1766.76,1000
1PC,CPU,809,1.767,1000,1000,1000000,-1766.76,1000
1PC,CPU,810,1.764,1000,1000,1000000,-1766.76,1000
1PC,CPU,811,1.769,1000,1000,1000000,-1766.76,1000
1PC,CPU,812,1.765,1000,1000,1000000,-1766.76,1000
1PC,CPU,813,1.765,1000,1000,1000000,-1766.76,1000
1PC,CPU,814,1.767,1000,1000,1000000,-1766.76,1000
1PC,CPU,815,1.762,1000,1000,1000000,-1766.76,1000
1PC,CPU,816,1.762,1000,1000,1000000,-1766.76,1000
1PC,CPU,817,1.781,1000,1000,1000000,-1766.76,1000
1PC,CPU,818,1.768,1000,1000,1000000,-1766.76,1000
1PC,CPU,819,1.765,1000,1000,1000000,-1766.76,1000
1PC,CPU,820,1.763,1000,1000,1000000,-1766.76,1000
1PC,CPU,821,1.773,1000,1000,1000000,-1766.76,1000
1PC,CPU,822,1.764,1000,1000,1000000,-1766.76,1000
1PC,CPU,823,1.768,1000,1000,1000000,-1766.76,1000
1PC,CPU,824,1.764,1000,1000,1000000,-1766.76,1000
1PC,CPU,825,1.77,1000,1000,1000000,-1766.76,1000
1PC,CPU,826,1.762,1000,1000,1000000,-1766.76,1000
1PC,CPU,827,1.767,1000,1000,1000000,-1766.76,1000
1PC,CPU,828,1.771,1000,1000,1000000,-1766.76,1000
1PC,CPU,829,1.763,1000,1000,1000000,-1766.76,1000
1PC,CPU,830,1.766,1000,1000,1000000,-1766.76,1000
1PC,CPU,831,1.765,1000,1000,1000000,-1766.76,1000
1PC,CPU,832,1.769,1000,1000,1000000,-1766.76,1000
1PC,CPU,833,1.762,1000,1000,1000000,-1766.76,1000
1PC,CPU,834,1.764,1000,1000,1000000,-1766.76,1000
1PC,CPU,835,1.766,1000,1000,1000000,-1766.76,1000
1PC,CPU,836,1.765,1000,1000,1000000,-1766.76,1000
1PC,CPU,837,1.767,1000,1000,1000000,-1766.76,1000
1PC,CPU,838,1.763,1000,1000,1000000,-1766.76,1000
1PC,CPU,839,1.765,1000,1000,1000000,-1766.76,1000
1PC,CPU,840,1.765,1000,1000,1000000,-1766.76,1000
1PC,CPU,841,1.764,1000,1000,1000000,-1766.76,1000
1PC,CPU,842,1.77,1000,1000,1000000,-1766.76,1000
1PC,CPU,843,1.767,1000,1000,1000000,-1766.76,1000
1PC,CPU,844,1.761,1000,1000,1000000,-1766.76,1000
1PC,CPU,845,1.767,1000,1000,1000000,-1766.76,1000
1PC,CPU,846,1.763,1000,1000,1000000,-1766.76,1000
1PC,CPU,847,1.764,1000,1000,1000000,-1766.76,1000
1PC,CPU,848,1.766,1000,1000,1000000,-1766.76,1000
1PC,CPU,849,1.769,1000,1000,1000000,-1766.76,1000
1PC,CPU,850,1.764,1000,1000,1000000,-1766.76,1000
1PC,CPU,851,1.765,1000,1000,1000000,-1766.76,1000
1PC,CPU,852,1.765,1000,1000,1000000,-1766.76,1000
1PC,CPU,853,1.761,1000,1000,1000000,-1766.76,1000
1PC,CPU,854,1.763,1000,1000,1000000,-1766.76,1000
1PC,CPU,855,1.761,1000,1000,1000000,-1766.76,1000
1PC,CPU,856,1.767,1000,1000,1000000,-1766.76,1000
1PC,CPU,857,1.763,1000,1000,1000000,-1766.76,1000
1PC,CPU,858,1.765,1000,1000,1000000,-1766.76,1000
1PC,CPU,859,1.767,1000,1000,1000000,-1766.76,1000
1PC,CPU,860,1.761,1000,1000,1000000,-1766.76,1000
1PC,CPU,861,1.766,1000,1000,1000000,-1766.76,1000
1PC,CPU,862,1.762,1000,1000,1000000,-1766.76,1000
1PC,CPU,863,1.769,1000,1000,1000000,-1766.76,1000
1PC,CPU,864,1.766,1000,1000,1000000,-1766.76,1000
1PC,CPU,865,1.765,1000,1000,1000000,-1766.76,1000
1PC,CPU,866,1.769,1000,1000,1000000,-1766.76,1000
1PC,CPU,867,1.764,1000,1000,1000000,-1766.76,1000
1PC,CPU,868,1.764,1000,1000,1000000,-1766.76,1000
1PC,CPU,869,1.764,1000,1000,1000000,-1766.76,1000
1PC,CPU,870,1.77,1000,1000,1000000,-1766.76,1000
1PC,CPU,871,1.763,1000,1000,1000000,-1766.76,1000
1PC,CPU,872,1.763,1000,1000,1000000,-1766.76,1000
1PC,CPU,873,1.769,1000,1000,1000000,-1766.76,1000
1PC,CPU,874,1.768,1000,1000,1000000,-1766.76,1000
1PC,CPU,875,1.763,1000,1000,1000000,-1766.76,1000
1PC,CPU,876,1.771,1000,1000,1000000,-1766.76,1000
1PC,CPU,877,1.765,1000,1000,1000000,-1766.76,1000
1PC,CPU,878,1.766,1000,1000,1000000,-1766.76,1000
1PC,CPU,879,1.766,1000,1000,1000000,-1766.76,1000
1PC,CPU,880,1.771,1000,1000,1000000,-1766.76,1000
1PC,CPU,881,1.768,1000,1000,1000000,-1766.76,1000
1PC,CPU,882,1.761,1000,1000,1000000,-1766.76,1000
1PC,CPU,883,1.77,1000,1000,1000000,-1766.76,1000
1PC,CPU,884,1.764,1000,1000,1000000,-1766.76,1000
1PC,CPU,885,1.764,1000,1000,1000000,-1766.76,1000
1PC,CPU,886,1.764,1000,1000,1000000,-1766.76,1000
1PC,CPU,887,1.768,1000,1000,1000000,-1766.76,1000
1PC,CPU,888,1.761,1000,1000,1000000,-1766.76,1000
1PC,CPU,889,1.765,1000,1000,1000000,-1766.76,1000
1PC,CPU,890,1.77,1000,1000,1000000,-1766.76,1000
1PC,CPU,891,1.765,1000,1000,1000000,-1766.76,1000
1PC,CPU,892,1.763,1000,1000,1000000,-1766.76,1000
1PC,CPU,893,1.765,1000,1000,1000000,-1766.76,1000
1PC,CPU,894,1.766,1000,1000,1000000,-1766.76,1000
1PC,CPU,895,1.763,1000,1000,1000000,-1766.76,1000
1PC,CPU,896,1.763,1000,1000,1000000,-1766.76,1000
1PC,CPU,897,1.768,1000,1000,1000000,-1766.76,1000
1PC,CPU,898,1.764,1000,1000,1000000,-1766.76,1000
1PC,CPU,899,1.765,1000,1000,1000000,-1766.76,1000
1PC,CPU,900,1.763,1000,1000,1000000,-1766.76,1000
1PC,CPU,901,1.765,1000,1000,1000000,-1766.76,1000
1PC,CPU,902,1.762,1000,1000,1000000,-1766.76,1000
1PC,CPU,903,1.763,1000,1000,1000000,-1766.76,1000
1PC,CPU,904,1.766,1000,1000,1000000,-1766.76,1000
1PC,CPU,905,1.767,1000,1000,1000000,-1766.76,1000
1PC,CPU,906,1.763,1000,1000,1000000,-1766.76,1000
1PC,CPU,907,1.759,1000,1000,1000000,-1766.76,1000
1PC,CPU,908,1.766,1000,1000,1000000,-1766.76,1000
1PC,CPU,909,1.762,1000,1000,1000000,-1766.76,1000
1PC,CPU,910,1.763,1000,1000,1000000,-1766.76,1000
1PC,CPU,911,1.768,1000,1000,1000000,-1766.76,1000
1PC,CPU,912,1.764,1000,1000,1000000,-1766.76,1000
1PC,CPU,913,1.765,1000,1000,1000000,-1766.76,1000
1PC,CPU,914,1.772,1000,1000,1000000,-1766.76,1000
1PC,CPU,915,1.767,1000,1000,1000000,-1766.76,1000
1PC,CPU,916,1.758,1000,1000,1000000,-1766.76,1000
1PC,CPU,917,1.765,1000,1000,1000000,-1766.76,1000
1PC,CPU,918,1.767,1000,1000,1000000,-1766.76,1000
1PC,CPU,919,1.769,1000,1000,1000000,-1766.76,1000
1PC,CPU,920,1.762,1000,1000,1000000,-1766.76,1000
1PC,CPU,921,1.767,1000,1000,1000000,-1766.76,1000
1PC,CPU,922,1.763,1000,1000,1000000,-1766.76,1000
1PC,CPU,923,1.761,1000,1000,1000000,-1766.76,1000
1PC,CPU,924,1.765,1000,1000,1000000,-1766.76,1000
1PC,CPU,925,1.766,1000,1000,1000000,-1766.76,1000
1PC,CPU,926,1.762,1000,1000,1000000,-1766.76,1000
1PC,CPU,927,1.766,1000,1000,1000000,-1766.76,1000
1PC,CPU,928,1.767,1000,1000,1000000,-1766.76,1000
1PC,CPU,929,1.761,1000,1000,1000000,-1766.76,1000
1PC,CPU,930,1.76,1000,1000,1000000,-1766.76,1000
1PC,CPU,931,1.768,1000,1000,1000000,-1766.76,1000
1PC,CPU,932,1.764,1000,1000,1000000,-1766.76,1000
1PC,CPU,933,1.763,1000,1000,1000000,-1766.76,1000
1PC,CPU,934,1.764,1000,1000,1000000,-1766.76,1000
1PC,CPU,935,1.766,1000,1000,1000000,-1766.76,1000
1PC,CPU,936,1.77,1000,1000,1000000,-1766.76,1000
1PC,CPU,937,1.765,1000,1000,1000000,-1766.76,1000
1PC,CPU,938,1.764,1000,1000,1000000,-1766.76,1000
1PC,CPU,939,1.77,1000,1000,1000000,-1766.76,1000
1PC,CPU,940,1.765,1000,1000,1000000,-1766.76,1000
1PC,CPU,941,1.763,1000,1000,1000000,-1766.76,1000
1PC,CPU,942,1.769,1000,1000,1000000,-1766.76,1000
1PC,CPU,943,1.763,1000,1000,1000000,-1766.76,1000
1PC,CPU,944,1.766,1000,1000,1000000,-1766.76,1000
1PC,CPU,945,1.761,1000,1000,1000000,-1766.76,1000
1PC,CPU,946,1.767,1000,1000,1000000,-1766.76,1000
1PC,CPU,947,1.762,1000,1000,1000000,-1766.76,1000
1PC,CPU,948,1.763,1000,1000,1000000,-1766.76,1000
1PC,CPU,949,1.767,1000,1000,1000000,-1766.76,1000
1PC,CPU,950,1.763,1000,1000,1000000,-1766.76,1000
1PC,CPU,951,1.764,1000,1000,1000000,-1766.76,1000
1PC,CPU,952,1.766,1000,1000,1000000,-1766.76,1000
1PC,CPU,953,1.768,1000,1000,1000000,-1766.76,1000
1PC,CPU,954,1.762,1000,1000,1000000,-1766.76,1000
1PC,CPU,955,1.766,1000,1000,1000000,-1766.76,1000
1PC,CPU,956,1.767,1000,1000,1000000,-1766.76,1000
1PC,CPU,957,1.779,1000,1000,1000000,-1766.76,1000
1PC,CPU,958,1.765,1000,1000,1000000,-1766.76,1000
1PC,CPU,959,1.769,1000,1000,1000000,-1766.76,1000
1PC,CPU,960,1.762,1000,1000,1000000,-1766.76,1000
1PC,CPU,961,1.766,1000,1000,1000000,-1766.76,1000
1PC,CPU,962,1.762,1000,1000,1000000,-1766.76,1000
1PC,CPU,963,1.769,1000,1000,1000000,-1766.76,1000
1PC,CPU,964,1.764,1000,1000,1000000,-1766.76,1000
1PC,CPU,965,1.765,1000,1000,1000000,-1766.76,1000
1PC,CPU,966,1.768,1000,1000,1000000,-1766.76,1000
1PC,CPU,967,1.763,1000,1000,1000000,-1766.76,1000
1PC,CPU,968,1.768,1000,1000,1000000,-1766.76,1000
1PC,CPU,969,1.764,1000,1000,1000000,-1766.76,1000
1PC,CPU,970,1.765,1000,1000,1000000,-1766.76,1000
1PC,CPU,971,1.768,1000,1000,1000000,-1766.76,1000
1PC,CPU,972,1.768,1000,1000,1000000,-1766.76,1000
1PC,CPU,973,1.762,1000,1000,1000000,-1766.76,1000
1PC,CPU,974,1.761,1000,1000,1000000,-1766.76,1000
1PC,CPU,975,1.764,1000,1000,1000000,-1766.76,1000
1PC,CPU,976,1.763,1000,1000,1000000,-1766.76,1000
1PC,CPU,977,1.77,1000,1000,1000000,-1766.76,1000
1PC,CPU,978,1.765,1000,1000,1000000,-1766.76,1000
1PC,CPU,979,1.76,1000,1000,1000000,-1766.76,1000
1PC,CPU,980,1.768,1000,1000,1000000,-1766.76,1000
1PC,CPU,981,1.764,1000,1000,1000000,-1766.76,1000
1PC,CPU,982,1.766,1000,1000,1000000,-1766.76,1000
1PC,CPU,983,1.763,1000,1000,1000000,-1766.76,1000
1PC,CPU,984,1.769,1000,1000,1000000,-1766.76,1000
1PC,CPU,985,1.762,1000,1000,1000000,-1766.76,1000
1PC,CPU,986,1.765,1000,1000,1000000,-1766.76,1000
1PC,CPU,987,1.77,1000,1000,1000000,-1766.76,1000
1PC,CPU,988,1.77,1000,1000,1000000,-1766.76,1000
1PC,CPU,989,1.763,1000,1000,1000000,-1766.76,1000
1PC,CPU,990,1.77,1000,1000,1000000,-1766.76,1000
1PC,CPU,991,1.766,1000,1000,1000000,-1766.76,1000
1PC,CPU,992,1.765,1000,1000,1000000,-1766.76,1000
1PC,CPU,993,1.765,1000,1000,1000000,-1766.76,1000
1PC,CPU,994,1.769,1000,1000,1000000,-1766.76,1000
1PC,CPU,995,1.763,1000,1000,1000000,-1766.76,1000
1PC,CPU,996,1.773,1000,1000,1000000,-1766.76,1000
1PC,CPU,997,1.782,1000,1000,1000000,-1766.76,1000
1PC,CPU,998,1.765,1000,1000,1000000,-1766.76,1000
1PC,CPU,999,1.763,1000,1000,1000000,-1766.76,1000
